id,genre
3BiFZY6zbND5L3MEM6niE6,chillhop
3BiFZY6zbND5L3MEM6niE6,jazz boom bap
3BiFZY6zbND5L3MEM6niE6,lo-fi jazzhop
39ZQx0618UYVBgGTDOJ2ds,chillhop
39ZQx0618UYVBgGTDOJ2ds,focus beats
39ZQx0618UYVBgGTDOJ2ds,jazz boom bap
39ZQx0618UYVBgGTDOJ2ds,lo-fi beats
39ZQx0618UYVBgGTDOJ2ds,lo-fi jazzhop
6x5HLaMcoxaULXpgN0NJbb,chillhop
6x5HLaMcoxaULXpgN0NJbb,focus beats
6x5HLaMcoxaULXpgN0NJbb,jazz boom bap
6x5HLaMcoxaULXpgN0NJbb,lo-fi beats
6x5HLaMcoxaULXpgN0NJbb,lo-fi jazzhop
44insiIQApkRaCMIbuaISJ,chillhop
44insiIQApkRaCMIbuaISJ,lo-fi beats
6M6LWvHKgBle8SUtSpq6SU,chillhop
6M6LWvHKgBle8SUtSpq6SU,lo-fi beats
38lJ5B9ZBk3zsRKEf3oG2R,chillhop
38lJ5B9ZBk3zsRKEf3oG2R,focus beats
38lJ5B9ZBk3zsRKEf3oG2R,jazz boom bap
38lJ5B9ZBk3zsRKEf3oG2R,lo-fi beats
38lJ5B9ZBk3zsRKEf3oG2R,lo-fi jazzhop
6N4HlHINMvoTyAL0yhBUCk,chillhop
6N4HlHINMvoTyAL0yhBUCk,focus beats
6N4HlHINMvoTyAL0yhBUCk,japanese chillhop
6N4HlHINMvoTyAL0yhBUCk,lo-fi beats
6N4HlHINMvoTyAL0yhBUCk,lo-fi jazzhop
6f2Y46Pw2IYGoURJREJDiA,chillhop
6f2Y46Pw2IYGoURJREJDiA,focus beats
6f2Y46Pw2IYGoURJREJDiA,jazz boom bap
6f2Y46Pw2IYGoURJREJDiA,lo-fi beats
6f2Y46Pw2IYGoURJREJDiA,lo-fi jazzhop
69cjjIQEN8M6heOBT2SqZE,chillhop
69cjjIQEN8M6heOBT2SqZE,focus beats
69cjjIQEN8M6heOBT2SqZE,lo-fi beats
69cjjIQEN8M6heOBT2SqZE,lo-fi jazzhop
6cN5TvotJoRbhYHoCHw8BI,chillhop
6cN5TvotJoRbhYHoCHw8BI,focus beats
6cN5TvotJoRbhYHoCHw8BI,jazz boom bap
6cN5TvotJoRbhYHoCHw8BI,lo-fi beats
6cN5TvotJoRbhYHoCHw8BI,lo-fi jazzhop
0YAkOkbeAPiS35qyouiM4O,chillhop
0YAkOkbeAPiS35qyouiM4O,focus beats
0YAkOkbeAPiS35qyouiM4O,lo-fi beats
0YAkOkbeAPiS35qyouiM4O,lo-fi jazzhop
2V9zpugQCHRiu2lPjsUM6d,chillhop
2V9zpugQCHRiu2lPjsUM6d,focus beats
2V9zpugQCHRiu2lPjsUM6d,lo-fi beats
0DrshpbzI0ItncVhYZ2BtW,chillhop
0DrshpbzI0ItncVhYZ2BtW,focus beats
0DrshpbzI0ItncVhYZ2BtW,lo-fi beats
2cg9jlWp1QRc0Sk6kTp9Ez,chillhop
2cg9jlWp1QRc0Sk6kTp9Ez,focus beats
2cg9jlWp1QRc0Sk6kTp9Ez,jazz boom bap
2cg9jlWp1QRc0Sk6kTp9Ez,lo-fi beats
2cg9jlWp1QRc0Sk6kTp9Ez,lo-fi jazzhop
5NlA3ayVBDY3uDCCEZ1dID,lo-fi beats
4ApyJoQGYHAcMtJEvK5tRx,chillhop
4ApyJoQGYHAcMtJEvK5tRx,focus beats
4ApyJoQGYHAcMtJEvK5tRx,lo-fi beats
4ApyJoQGYHAcMtJEvK5tRx,lo-fi jazzhop
3GlCVMFRzrZ3FGtt4apejf,chillhop
3GlCVMFRzrZ3FGtt4apejf,jazz boom bap
4pwqNyMSvuv7VOhQBdjB6Q,chillhop
4pwqNyMSvuv7VOhQBdjB6Q,japanese chillhop
4pwqNyMSvuv7VOhQBdjB6Q,lo-fi beats
4Z5eM7HLu4b0LAKrywoWR2,chillhop
4Z5eM7HLu4b0LAKrywoWR2,focus beats
4Z5eM7HLu4b0LAKrywoWR2,lo-fi beats
3qRe4C6xUFaW1GXJsRC4oi,chillhop
3qRe4C6xUFaW1GXJsRC4oi,focus beats
3qRe4C6xUFaW1GXJsRC4oi,lo-fi beats
3qRe4C6xUFaW1GXJsRC4oi,lo-fi jazzhop
6S2OmqARrzebs0tKUEyXyp,dance pop
6S2OmqARrzebs0tKUEyXyp,pop
6S2OmqARrzebs0tKUEyXyp,post-teen pop
2wUjUUtkb5lvLKcGKsKqsR,canadian contemporary r&b
2wUjUUtkb5lvLKcGKsKqsR,canadian pop
2wUjUUtkb5lvLKcGKsKqsR,dance pop
2wUjUUtkb5lvLKcGKsKqsR,electropop
2wUjUUtkb5lvLKcGKsKqsR,pop
2wUjUUtkb5lvLKcGKsKqsR,post-teen pop
3WGpXCj9YhhfX11TToZcXP,australian pop
3WGpXCj9YhhfX11TToZcXP,dance pop
3WGpXCj9YhhfX11TToZcXP,electropop
3WGpXCj9YhhfX11TToZcXP,pop
3WGpXCj9YhhfX11TToZcXP,post-teen pop
3WGpXCj9YhhfX11TToZcXP,viral pop
163tK9Wjr9P9DmM0AVK7lm,art pop
163tK9Wjr9P9DmM0AVK7lm,dance pop
163tK9Wjr9P9DmM0AVK7lm,electropop
163tK9Wjr9P9DmM0AVK7lm,metropopolis
163tK9Wjr9P9DmM0AVK7lm,nz pop
163tK9Wjr9P9DmM0AVK7lm,pop
163tK9Wjr9P9DmM0AVK7lm,post-teen pop
4nDoRrQiYLoBzwC5BhVJzF,dance pop
4nDoRrQiYLoBzwC5BhVJzF,electropop
4nDoRrQiYLoBzwC5BhVJzF,pop
4nDoRrQiYLoBzwC5BhVJzF,post-teen pop
5ZsFI1h6hIdQRw2ti0hz81,dance pop
5ZsFI1h6hIdQRw2ti0hz81,pop
5ZsFI1h6hIdQRw2ti0hz81,post-teen pop
5ZsFI1h6hIdQRw2ti0hz81,uk pop
0C8ZW7ezQVs4URX5aX7Kqx,dance pop
0C8ZW7ezQVs4URX5aX7Kqx,pop
0C8ZW7ezQVs4URX5aX7Kqx,post-teen pop
6sFIWsNpZYqfjUpaCgueju,canadian pop
6sFIWsNpZYqfjUpaCgueju,dance pop
6sFIWsNpZYqfjUpaCgueju,electropop
6sFIWsNpZYqfjUpaCgueju,indie poptimism
6sFIWsNpZYqfjUpaCgueju,pop
6sFIWsNpZYqfjUpaCgueju,post-teen pop
1l8Fu6IkuTP0U5QetQJ5Xt,dance pop
1l8Fu6IkuTP0U5QetQJ5Xt,girl group
1l8Fu6IkuTP0U5QetQJ5Xt,pop
1l8Fu6IkuTP0U5QetQJ5Xt,post-teen pop
1l8Fu6IkuTP0U5QetQJ5Xt,talent show
5YGY8feqx7naU7z4HrwZM6,dance pop
5YGY8feqx7naU7z4HrwZM6,pop
5YGY8feqx7naU7z4HrwZM6,post-teen pop
7gOdHgIoIKoe4i9Tta6qdD,boy band
7gOdHgIoIKoe4i9Tta6qdD,dance pop
7gOdHgIoIKoe4i9Tta6qdD,pop
7gOdHgIoIKoe4i9Tta6qdD,pop rock
7gOdHgIoIKoe4i9Tta6qdD,post-teen pop
0ZED1XzwlLHW4ZaG4lOT6m,alt z
0ZED1XzwlLHW4ZaG4lOT6m,dance pop
0ZED1XzwlLHW4ZaG4lOT6m,electropop
0ZED1XzwlLHW4ZaG4lOT6m,pop
0ZED1XzwlLHW4ZaG4lOT6m,post-teen pop
1Hsdzj7Dlq2I7tHP7501T4,dance pop
1Hsdzj7Dlq2I7tHP7501T4,pop
1Hsdzj7Dlq2I7tHP7501T4,post-teen pop
6dJeKm76NjfXBNTpHmOhfO,dance pop
6dJeKm76NjfXBNTpHmOhfO,electropop
6dJeKm76NjfXBNTpHmOhfO,pop
6dJeKm76NjfXBNTpHmOhfO,pop rap
6dJeKm76NjfXBNTpHmOhfO,post-teen pop
6dJeKm76NjfXBNTpHmOhfO,viral pop
6JL8zeS1NmiOftqZTRgdTz,dance pop
6JL8zeS1NmiOftqZTRgdTz,hip pop
6JL8zeS1NmiOftqZTRgdTz,pop
6JL8zeS1NmiOftqZTRgdTz,post-teen pop
6LqNN22kT3074XbTVUrhzX,dance pop
6LqNN22kT3074XbTVUrhzX,electropop
6LqNN22kT3074XbTVUrhzX,pop
6LqNN22kT3074XbTVUrhzX,post-teen pop
3BmGtnKgCSGYIUhmivXKWX,dance pop
3BmGtnKgCSGYIUhmivXKWX,neo mellow
3BmGtnKgCSGYIUhmivXKWX,pop
3BmGtnKgCSGYIUhmivXKWX,pop rock
3BmGtnKgCSGYIUhmivXKWX,post-teen pop
3BmGtnKgCSGYIUhmivXKWX,talent show
26VFTg2z8YR0cCuwLzESi2,dance pop
26VFTg2z8YR0cCuwLzESi2,electropop
26VFTg2z8YR0cCuwLzESi2,etherpop
26VFTg2z8YR0cCuwLzESi2,indie poptimism
26VFTg2z8YR0cCuwLzESi2,pop
26VFTg2z8YR0cCuwLzESi2,post-teen pop
7nU4hB040gTmHm45YYMvqc,dance pop
7nU4hB040gTmHm45YYMvqc,pop
7nU4hB040gTmHm45YYMvqc,post-teen pop
7nU4hB040gTmHm45YYMvqc,social media pop
5p7f24Rk5HkUZsaS3BLG5F,dance pop
5p7f24Rk5HkUZsaS3BLG5F,pop
5p7f24Rk5HkUZsaS3BLG5F,post-teen pop
4iMO20EPodreIaEl8qW66y,bedroom pop
4iMO20EPodreIaEl8qW66y,modern rock
4iMO20EPodreIaEl8qW66y,oakland indie
6sHCvZe1PHrOAuYlwTLNH4,bedroom pop
6sHCvZe1PHrOAuYlwTLNH4,indie pop
6sHCvZe1PHrOAuYlwTLNH4,indie poptimism
6Sa4YbwEdGlfVSJMF1Lp67,bedroom pop
6Sa4YbwEdGlfVSJMF1Lp67,indie pop
0NIPkIjTV8mB795yEIiPYL,indie pop
0NIPkIjTV8mB795yEIiPYL,modern rock
0NIPkIjTV8mB795yEIiPYL,pop
0NIPkIjTV8mB795yEIiPYL,rock
3l0CmX0FuQjFxr8SK7Vqag,bedroom pop
3l0CmX0FuQjFxr8SK7Vqag,pop
3BBCgZVbXFRzcnT1ewVfRt,bedroom pop
3BBCgZVbXFRzcnT1ewVfRt,indie garage rock
3BBCgZVbXFRzcnT1ewVfRt,san diego indie
5mqguTgtaoCMNMZD6txCh6,bedroom pop
0fTav4sBLmYOAzKuJw0grL,alternative r&b
0fTav4sBLmYOAzKuJw0grL,chill r&b
0fTav4sBLmYOAzKuJw0grL,indie r&b
0fTav4sBLmYOAzKuJw0grL,indie soul
0fTav4sBLmYOAzKuJw0grL,pop
0fTav4sBLmYOAzKuJw0grL,r&b
3K2Srho6NCF3o9MswGR76H,uk alternative hip hop
5FxD8fkQZ6KcsSYupDVoSO,alternative r&b
5FxD8fkQZ6KcsSYupDVoSO,bedroom pop
5FxD8fkQZ6KcsSYupDVoSO,bedroom soul
5FxD8fkQZ6KcsSYupDVoSO,chill r&b
5FxD8fkQZ6KcsSYupDVoSO,indie r&b
5FxD8fkQZ6KcsSYupDVoSO,pop
5FxD8fkQZ6KcsSYupDVoSO,r&b
2D4FOOOtWycb3Aw9nY5n3c,indie pop
2D4FOOOtWycb3Aw9nY5n3c,modern alternative rock
2D4FOOOtWycb3Aw9nY5n3c,modern rock
2D4FOOOtWycb3Aw9nY5n3c,rock
0hDjKSKjl1DC7ovYTDJHe8,chill r&b
0hDjKSKjl1DC7ovYTDJHe8,pop
4ClziihVpBeFXNyDH83Lde,alternative r&b
4ClziihVpBeFXNyDH83Lde,bedroom soul
4ClziihVpBeFXNyDH83Lde,chill r&b
4ClziihVpBeFXNyDH83Lde,indie r&b
4ClziihVpBeFXNyDH83Lde,pop
4ClziihVpBeFXNyDH83Lde,r&b
1dy5WNgIKQU6ezkpZs4y8z,alt z
1dy5WNgIKQU6ezkpZs4y8z,bedroom pop
1dy5WNgIKQU6ezkpZs4y8z,chill r&b
1dy5WNgIKQU6ezkpZs4y8z,indie cafe pop
1dy5WNgIKQU6ezkpZs4y8z,indie pop
1dy5WNgIKQU6ezkpZs4y8z,pop
1dy5WNgIKQU6ezkpZs4y8z,social media pop
20wkVLutqVOYrc0kxFs7rA,canadian contemporary r&b
20wkVLutqVOYrc0kxFs7rA,pop
20wkVLutqVOYrc0kxFs7rA,r&b
0ubGY2CcC0tvR0eE6hJaT8,ann arbor indie
0ubGY2CcC0tvR0eE6hJaT8,bedroom soul
0ubGY2CcC0tvR0eE6hJaT8,chill r&b
0ubGY2CcC0tvR0eE6hJaT8,indie cafe pop
0ubGY2CcC0tvR0eE6hJaT8,indie pop
4ub2v80S4RIceZRGnlhjTr,alternative r&b
4ub2v80S4RIceZRGnlhjTr,indie garage rock
6USv9qhCn6zfxlBQIYJ9qs,alternative pop rock
6USv9qhCn6zfxlBQIYJ9qs,pop
2G8UkPZnQ8i78L8TfqP1X6,alt z
2G8UkPZnQ8i78L8TfqP1X6,indie cafe pop
2G8UkPZnQ8i78L8TfqP1X6,indie pop
2G8UkPZnQ8i78L8TfqP1X6,modern rock
2G8UkPZnQ8i78L8TfqP1X6,pop
0ZUvK7zGdXLd78mQr3t1Tw,alt z
0ZUvK7zGdXLd78mQr3t1Tw,indie pop
0ZUvK7zGdXLd78mQr3t1Tw,la indie
0ZUvK7zGdXLd78mQr3t1Tw,pop
7DuTB6wdzqFJGFLSH17k8e,pop
7DuTB6wdzqFJGFLSH17k8e,pop rap
7DuTB6wdzqFJGFLSH17k8e,social media pop
7DuTB6wdzqFJGFLSH17k8e,trap queen
7DuTB6wdzqFJGFLSH17k8e,viral rap
3u579Gdap91lMptBSdXTpf,detroit hip hop
3u579Gdap91lMptBSdXTpf,escape room
3u579Gdap91lMptBSdXTpf,hip pop
3u579Gdap91lMptBSdXTpf,pop r&b
3u579Gdap91lMptBSdXTpf,r&b
3u579Gdap91lMptBSdXTpf,trap queen
4guK7U9J36z76E1tWecJ0J,dfw rap
4guK7U9J36z76E1tWecJ0J,escape room
4guK7U9J36z76E1tWecJ0J,pop r&b
4guK7U9J36z76E1tWecJ0J,trap queen
4guK7U9J36z76E1tWecJ0J,viral rap
0XIKGBo9PnK1ApI5tZA60d,pop
0XIKGBo9PnK1ApI5tZA60d,pop r&b
0XIKGBo9PnK1ApI5tZA60d,pop rap
0XIKGBo9PnK1ApI5tZA60d,r&b
0XIKGBo9PnK1ApI5tZA60d,rap
0XIKGBo9PnK1ApI5tZA60d,rap latina
37hAfseJWi0G3Scife12Il,dance pop
37hAfseJWi0G3Scife12Il,pop
37hAfseJWi0G3Scife12Il,pop rap
37hAfseJWi0G3Scife12Il,r&b
37hAfseJWi0G3Scife12Il,scam rap
37hAfseJWi0G3Scife12Il,trap queen
7Gkyjs2OYQpJdOvvmwIz2Z,upstate ny rap
2OaHYHb2XcFPvqL3VsyPzU,dance pop
2OaHYHb2XcFPvqL3VsyPzU,dmv rap
2OaHYHb2XcFPvqL3VsyPzU,escape room
2OaHYHb2XcFPvqL3VsyPzU,pop rap
2OaHYHb2XcFPvqL3VsyPzU,trap queen
4kYSro6naA4h99UJvo89HB,dance pop
4kYSro6naA4h99UJvo89HB,pop
4kYSro6naA4h99UJvo89HB,pop rap
4kYSro6naA4h99UJvo89HB,post-teen pop
4kYSro6naA4h99UJvo89HB,rap
7gWumE1wMALHXANLSIt054,chicago rap
7gWumE1wMALHXANLSIt054,drill
7gWumE1wMALHXANLSIt054,escape room
7gWumE1wMALHXANLSIt054,hip pop
7gWumE1wMALHXANLSIt054,pop r&b
7gWumE1wMALHXANLSIt054,r&b
7gWumE1wMALHXANLSIt054,trap queen
44IvvHRk2XF243QLA2VOa8,southern hip hop
44IvvHRk2XF243QLA2VOa8,trap
44IvvHRk2XF243QLA2VOa8,viral rap
3Y2MLcrD3ZQXRXmtn4fZQx,florida rap
3Y2MLcrD3ZQXRXmtn4fZQx,viral rap
3MdXrJWsbVzdn6fe5JYkSQ,pop
3MdXrJWsbVzdn6fe5JYkSQ,pop r&b
3MdXrJWsbVzdn6fe5JYkSQ,r&b
3MdXrJWsbVzdn6fe5JYkSQ,trap queen
6AMd49uBDJfhf30Ak2QR5s,r&b
6AMd49uBDJfhf30Ak2QR5s,trap queen
6AMd49uBDJfhf30Ak2QR5s,viral rap
4fpTMHe34LC5t3h5ztK8qu,dance pop
4fpTMHe34LC5t3h5ztK8qu,pop
4fpTMHe34LC5t3h5ztK8qu,pop rap
4fpTMHe34LC5t3h5ztK8qu,r&b
4fpTMHe34LC5t3h5ztK8qu,urban contemporary
4o4tLTIJ3eWMFerz73atcT,alt z
4o4tLTIJ3eWMFerz73atcT,dance pop
4o4tLTIJ3eWMFerz73atcT,electropop
4o4tLTIJ3eWMFerz73atcT,escape room
4o4tLTIJ3eWMFerz73atcT,hip pop
4o4tLTIJ3eWMFerz73atcT,pop
4o4tLTIJ3eWMFerz73atcT,pop rap
4o4tLTIJ3eWMFerz73atcT,post-teen pop
4o4tLTIJ3eWMFerz73atcT,trap queen
4lPl9gqgox3JDiaJ1yklKh,alternative r&b
4lPl9gqgox3JDiaJ1yklKh,escape room
4lPl9gqgox3JDiaJ1yklKh,indie soul
0DtXHIvJ8NWBg5pGvsgWnR,escape room
0DtXHIvJ8NWBg5pGvsgWnR,hip pop
0DtXHIvJ8NWBg5pGvsgWnR,trap queen
6veh5zbFpm31XsPdjBgPER,escape room
6veh5zbFpm31XsPdjBgPER,rap latina
6veh5zbFpm31XsPdjBgPER,trap queen
7meyrw7Or5DwteYxDJrkCM,melodic rap
7meyrw7Or5DwteYxDJrkCM,pop r&b
7meyrw7Or5DwteYxDJrkCM,trap
6JTiPLdbZD2e0tDsN15U1s,v-pop
3x6FwiNj93pnxxMDNRA1IR,v-pop
4e5LAUvM35jleGg8gElTsP,v-pop
35HU1GT1q797EwZsP8uduO,v-pop
4qnRWrsA4QoiuNSxwoJYwq,v-pop
41BwyRR0cpLvcEi7bQkMy6,v-pop
78TTKBLrw5XIRty0KnyftQ,v-pop
63SNH9m8M034lCGELVC1dm,v-pop
3mibIJiduF0MVLLAvHZAxw,v-pop
4DPEUF2kY7kVrbXX4Zgu7S,v-pop
2O80TFPHgMkNQ3Unwa401Y,v-pop
2VUAd7F7SCWs7gYMGAQVxK,v-pop
24Wn81dwdDeTCuB1BWGoVJ,v-pop
24Wn81dwdDeTCuB1BWGoVJ,vietnamese pop
0r63ReVRjxrS4ATbLrdcrL,v-pop
0l3YAI1xmZKCZBzduST5ft,v-pop
0l3YAI1xmZKCZBzduST5ft,vietnamese singer-songwriter
6Sz9jchJpz8HyBTtkPvYDT,v-pop
5fa13NJjmn2uQ3dxZDi2Ge,v-pop
2KUMXzsDcJqXZW0CRh07zP,v-pop
7eNVs44Liz46dWLt9LAONW,v-pop
7eNVs44Liz46dWLt9LAONW,vietnamese pop
7luDDYsfkSivBsoTz3BKMq,v-pop
73eAAfRkS2Vi4hx68oTJJE,alt z
73eAAfRkS2Vi4hx68oTJJE,chill r&b
73eAAfRkS2Vi4hx68oTJJE,electropop
73eAAfRkS2Vi4hx68oTJJE,pop
73eAAfRkS2Vi4hx68oTJJE,post-teen pop
3gIRvgZssIb9aiirIg0nI3,electropop
3gIRvgZssIb9aiirIg0nI3,pop
3gIRvgZssIb9aiirIg0nI3,post-teen pop
5qa31A9HySw3T7MKWI9bGg,alt z
5qa31A9HySw3T7MKWI9bGg,dance pop
5qa31A9HySw3T7MKWI9bGg,electropop
5qa31A9HySw3T7MKWI9bGg,indie cafe pop
5qa31A9HySw3T7MKWI9bGg,indie poptimism
5qa31A9HySw3T7MKWI9bGg,pop
5qa31A9HySw3T7MKWI9bGg,post-teen pop
5qa31A9HySw3T7MKWI9bGg,social media pop
5xkAtLTf309LAGZTbvULBn,alt z
5xkAtLTf309LAGZTbvULBn,australian alternative pop
5xkAtLTf309LAGZTbvULBn,electropop
5xkAtLTf309LAGZTbvULBn,indie cafe pop
5xkAtLTf309LAGZTbvULBn,pop
5xkAtLTf309LAGZTbvULBn,post-teen pop
5xkAtLTf309LAGZTbvULBn,social media pop
4xnihxcoXWK3UqryOSnbw5,alt z
4xnihxcoXWK3UqryOSnbw5,electropop
4xnihxcoXWK3UqryOSnbw5,indie cafe pop
4xnihxcoXWK3UqryOSnbw5,pop
4xnihxcoXWK3UqryOSnbw5,post-teen pop
5JMLG56F1X5mFmWNmS0iAp,alt z
5JMLG56F1X5mFmWNmS0iAp,electropop
5JMLG56F1X5mFmWNmS0iAp,indie cafe pop
5JMLG56F1X5mFmWNmS0iAp,indie pop
5JMLG56F1X5mFmWNmS0iAp,indie poptimism
5JMLG56F1X5mFmWNmS0iAp,pop
5JMLG56F1X5mFmWNmS0iAp,post-teen pop
5JMLG56F1X5mFmWNmS0iAp,tropical house
37M5pPGs6V1fchFJSgCguX,alt z
37M5pPGs6V1fchFJSgCguX,electropop
37M5pPGs6V1fchFJSgCguX,indie cafe pop
37M5pPGs6V1fchFJSgCguX,indie pop
37M5pPGs6V1fchFJSgCguX,la indie
37M5pPGs6V1fchFJSgCguX,pop
37M5pPGs6V1fchFJSgCguX,post-teen pop
2jnIB6XdLvnJUeNTy5A0J2,boy band
2jnIB6XdLvnJUeNTy5A0J2,dance pop
2jnIB6XdLvnJUeNTy5A0J2,pop
2jnIB6XdLvnJUeNTy5A0J2,post-teen pop
2jnIB6XdLvnJUeNTy5A0J2,teen pop
7LImGq5KnzQobZciDJpeJb,alt z
7LImGq5KnzQobZciDJpeJb,dance pop
7LImGq5KnzQobZciDJpeJb,electropop
7LImGq5KnzQobZciDJpeJb,indie cafe pop
7LImGq5KnzQobZciDJpeJb,indie poptimism
7LImGq5KnzQobZciDJpeJb,pop
7LImGq5KnzQobZciDJpeJb,post-teen pop
7LImGq5KnzQobZciDJpeJb,social media pop
6dn6x1XOng3LOAnfTjUn77,alt z
6dn6x1XOng3LOAnfTjUn77,dance pop
6dn6x1XOng3LOAnfTjUn77,electropop
6dn6x1XOng3LOAnfTjUn77,indie cafe pop
6dn6x1XOng3LOAnfTjUn77,pop
6dn6x1XOng3LOAnfTjUn77,post-teen pop
6dn6x1XOng3LOAnfTjUn77,social media pop
3mPc8WGusz2XF3Tvs3AKCR,alt z
3mPc8WGusz2XF3Tvs3AKCR,dance pop
3mPc8WGusz2XF3Tvs3AKCR,electropop
3mPc8WGusz2XF3Tvs3AKCR,indie cafe pop
3mPc8WGusz2XF3Tvs3AKCR,indie electropop
3mPc8WGusz2XF3Tvs3AKCR,indie poptimism
3mPc8WGusz2XF3Tvs3AKCR,pop
3mPc8WGusz2XF3Tvs3AKCR,post-teen pop
3mPc8WGusz2XF3Tvs3AKCR,social media pop
5fywYLnKJi950Y5yMqavxm,alt z
5fywYLnKJi950Y5yMqavxm,indie cafe pop
5fywYLnKJi950Y5yMqavxm,pop
0xu4jAQQv7ZAqvFGdc9HgP,alt z
0xu4jAQQv7ZAqvFGdc9HgP,electropop
0xu4jAQQv7ZAqvFGdc9HgP,indie cafe pop
0xu4jAQQv7ZAqvFGdc9HgP,pop
6sFHvCyqklnJpXC9Nh1aag,alt z
6sFHvCyqklnJpXC9Nh1aag,electropop
6sFHvCyqklnJpXC9Nh1aag,indie cafe pop
6sFHvCyqklnJpXC9Nh1aag,pop
6sFHvCyqklnJpXC9Nh1aag,post-teen pop
6sFHvCyqklnJpXC9Nh1aag,social media pop
7naAJDAh7AZnf18YYfQruM,alt z
7naAJDAh7AZnf18YYfQruM,electropop
7naAJDAh7AZnf18YYfQruM,pop
5IH6FPUwQTxPSXurCrcIov,alt z
5IH6FPUwQTxPSXurCrcIov,electropop
5IH6FPUwQTxPSXurCrcIov,pop
1QRj3hoop9Mv5VvHQkwPEp,alt z
1QRj3hoop9Mv5VvHQkwPEp,dance pop
1QRj3hoop9Mv5VvHQkwPEp,electropop
1QRj3hoop9Mv5VvHQkwPEp,indie cafe pop
1QRj3hoop9Mv5VvHQkwPEp,indie poptimism
1QRj3hoop9Mv5VvHQkwPEp,pop
1QRj3hoop9Mv5VvHQkwPEp,post-teen pop
45dkTj5sMRSjrmBSBeiHym,alt z
45dkTj5sMRSjrmBSBeiHym,dance pop
45dkTj5sMRSjrmBSBeiHym,electropop
45dkTj5sMRSjrmBSBeiHym,pop
45dkTj5sMRSjrmBSBeiHym,post-teen pop
5Y8eJDj37KhaEeqbVO7Ag1,alt z
5Y8eJDj37KhaEeqbVO7Ag1,boy band
5Y8eJDj37KhaEeqbVO7Ag1,dance pop
5Y8eJDj37KhaEeqbVO7Ag1,pop
5Y8eJDj37KhaEeqbVO7Ag1,post-teen pop
5Y8eJDj37KhaEeqbVO7Ag1,social media pop
4GvEc3ANtPPjt1ZJllr5Zl,dance pop
4GvEc3ANtPPjt1ZJllr5Zl,electropop
4GvEc3ANtPPjt1ZJllr5Zl,pop
4GvEc3ANtPPjt1ZJllr5Zl,post-teen pop
30DhU7BDmF4PH0JVhu8ZRg,alternative r&b
30DhU7BDmF4PH0JVhu8ZRg,chill r&b
30DhU7BDmF4PH0JVhu8ZRg,pop
30DhU7BDmF4PH0JVhu8ZRg,r&b
0cGUm45nv7Z6M6qdXYQGTX,dance pop
0cGUm45nv7Z6M6qdXYQGTX,pop
0cGUm45nv7Z6M6qdXYQGTX,pop rap
0cGUm45nv7Z6M6qdXYQGTX,post-teen pop
0cGUm45nv7Z6M6qdXYQGTX,r&b
0cGUm45nv7Z6M6qdXYQGTX,urban contemporary
7jZMxhsB8djyIbYmoiJSTs,alternative r&b
7jZMxhsB8djyIbYmoiJSTs,chill r&b
7jZMxhsB8djyIbYmoiJSTs,dance pop
7jZMxhsB8djyIbYmoiJSTs,pop
7jZMxhsB8djyIbYmoiJSTs,pop r&b
7jZMxhsB8djyIbYmoiJSTs,post-teen pop
7jZMxhsB8djyIbYmoiJSTs,r&b
7jZMxhsB8djyIbYmoiJSTs,urban contemporary
3Y7RZ31TRPVadSFVy1o8os,alternative r&b
3Y7RZ31TRPVadSFVy1o8os,dance pop
3Y7RZ31TRPVadSFVy1o8os,pop
3Y7RZ31TRPVadSFVy1o8os,r&b
57LYzLEk2LcFghVwuWbcuS,pop
57LYzLEk2LcFghVwuWbcuS,r&b
6hfwwpXqZPRC9CsKI7qtv1,alternative r&b
6hfwwpXqZPRC9CsKI7qtv1,electropop
6hfwwpXqZPRC9CsKI7qtv1,etherpop
6hfwwpXqZPRC9CsKI7qtv1,pop
6hfwwpXqZPRC9CsKI7qtv1,post-teen pop
6hfwwpXqZPRC9CsKI7qtv1,r&b
3KedxarmBCyFBevnqQHy3P,canadian contemporary r&b
3KedxarmBCyFBevnqQHy3P,canadian pop
3KedxarmBCyFBevnqQHy3P,dance pop
3KedxarmBCyFBevnqQHy3P,pop
3KedxarmBCyFBevnqQHy3P,post-teen pop
3KedxarmBCyFBevnqQHy3P,r&b
7HkdQ0gt53LP4zmHsL0nap,dance pop
7HkdQ0gt53LP4zmHsL0nap,pop
7HkdQ0gt53LP4zmHsL0nap,pop r&b
7HkdQ0gt53LP4zmHsL0nap,pop rap
7HkdQ0gt53LP4zmHsL0nap,post-teen pop
7HkdQ0gt53LP4zmHsL0nap,r&b
7HkdQ0gt53LP4zmHsL0nap,uk contemporary r&b
7HkdQ0gt53LP4zmHsL0nap,urban contemporary
1W7FNibLa0O0b572tB2w7t,bedroom soul
1W7FNibLa0O0b572tB2w7t,pop
3tQx1LPXbsYjE9VwN1Peaa,alternative r&b
3tQx1LPXbsYjE9VwN1Peaa,pop
3tQx1LPXbsYjE9VwN1Peaa,pop rap
3tQx1LPXbsYjE9VwN1Peaa,r&b
3tQx1LPXbsYjE9VwN1Peaa,rap
2EMAnMvWE2eb56ToJVfCWs,kentucky hip hop
2EMAnMvWE2eb56ToJVfCWs,pop
2EMAnMvWE2eb56ToJVfCWs,pop rap
2EMAnMvWE2eb56ToJVfCWs,r&b
2EMAnMvWE2eb56ToJVfCWs,rap
2EMAnMvWE2eb56ToJVfCWs,trap
1CoZyIx7UvdxT5c8UkMzHd,alternative r&b
1CoZyIx7UvdxT5c8UkMzHd,dance pop
1CoZyIx7UvdxT5c8UkMzHd,pop
1CoZyIx7UvdxT5c8UkMzHd,r&b
1CoZyIx7UvdxT5c8UkMzHd,uk contemporary r&b
7mDU6nMUJnOSY2Hkjz5oqM,canadian contemporary r&b
7mDU6nMUJnOSY2Hkjz5oqM,canadian hip hop
7mDU6nMUJnOSY2Hkjz5oqM,pop rap
7mDU6nMUJnOSY2Hkjz5oqM,r&b
7mDU6nMUJnOSY2Hkjz5oqM,trap
7mDU6nMUJnOSY2Hkjz5oqM,trap soul
2cFrymmkijnjDg9SS92EPM,electropop
2cFrymmkijnjDg9SS92EPM,pop
2cFrymmkijnjDg9SS92EPM,pop rap
360IAlyVv4PCEVjgyMZrxK,dance pop
360IAlyVv4PCEVjgyMZrxK,pop
360IAlyVv4PCEVjgyMZrxK,r&b
360IAlyVv4PCEVjgyMZrxK,urban contemporary
4D75GcNG95ebPtNvoNVXhz,big room
4D75GcNG95ebPtNvoNVXhz,dance pop
4D75GcNG95ebPtNvoNVXhz,dutch house
4D75GcNG95ebPtNvoNVXhz,edm
4D75GcNG95ebPtNvoNVXhz,electro house
4D75GcNG95ebPtNvoNVXhz,pop dance
4D75GcNG95ebPtNvoNVXhz,progressive electro house
4D75GcNG95ebPtNvoNVXhz,tropical house
4AVFqumd2ogHFlRbKIjp1t,dance pop
4AVFqumd2ogHFlRbKIjp1t,edm
4AVFqumd2ogHFlRbKIjp1t,electro house
4AVFqumd2ogHFlRbKIjp1t,pop
4AVFqumd2ogHFlRbKIjp1t,pop dance
4AVFqumd2ogHFlRbKIjp1t,progressive electro house
4AVFqumd2ogHFlRbKIjp1t,tropical house
1h6Cn3P4NGzXbaXidqURXs,dance pop
1h6Cn3P4NGzXbaXidqURXs,edm
1h6Cn3P4NGzXbaXidqURXs,electro house
1h6Cn3P4NGzXbaXidqURXs,pop
1h6Cn3P4NGzXbaXidqURXs,pop dance
1h6Cn3P4NGzXbaXidqURXs,progressive electro house
6BrvowZBreEkXzJQMpL174,big room
6BrvowZBreEkXzJQMpL174,dance pop
6BrvowZBreEkXzJQMpL174,dutch house
6BrvowZBreEkXzJQMpL174,edm
6BrvowZBreEkXzJQMpL174,electro house
6BrvowZBreEkXzJQMpL174,pop dance
6BrvowZBreEkXzJQMpL174,progressive electro house
6BrvowZBreEkXzJQMpL174,progressive house
6BrvowZBreEkXzJQMpL174,tropical house
5ChF3i92IPZHduM7jN3dpg,big room
5ChF3i92IPZHduM7jN3dpg,dance pop
5ChF3i92IPZHduM7jN3dpg,dutch edm
5ChF3i92IPZHduM7jN3dpg,dutch house
5ChF3i92IPZHduM7jN3dpg,edm
5ChF3i92IPZHduM7jN3dpg,electro house
5ChF3i92IPZHduM7jN3dpg,house
5ChF3i92IPZHduM7jN3dpg,pop dance
5ChF3i92IPZHduM7jN3dpg,pop edm
5ChF3i92IPZHduM7jN3dpg,progressive electro house
5ChF3i92IPZHduM7jN3dpg,progressive house
5ChF3i92IPZHduM7jN3dpg,tropical house
2qxJFvFYMEDqd7ui6kSAcq,complextro
2qxJFvFYMEDqd7ui6kSAcq,dance pop
2qxJFvFYMEDqd7ui6kSAcq,edm
2qxJFvFYMEDqd7ui6kSAcq,electro house
2qxJFvFYMEDqd7ui6kSAcq,electropop
2qxJFvFYMEDqd7ui6kSAcq,german techno
2qxJFvFYMEDqd7ui6kSAcq,pop
2qxJFvFYMEDqd7ui6kSAcq,pop dance
2qxJFvFYMEDqd7ui6kSAcq,post-teen pop
2qxJFvFYMEDqd7ui6kSAcq,tropical house
2XnBwblw31dfGnspMIwgWz,dance pop
2XnBwblw31dfGnspMIwgWz,edm
2XnBwblw31dfGnspMIwgWz,electro house
2XnBwblw31dfGnspMIwgWz,pop
2XnBwblw31dfGnspMIwgWz,pop dance
2XnBwblw31dfGnspMIwgWz,tropical house
4sTQVOfp9vEMCemLw50sbu,dance pop
4sTQVOfp9vEMCemLw50sbu,edm
4sTQVOfp9vEMCemLw50sbu,electro house
4sTQVOfp9vEMCemLw50sbu,pop
4sTQVOfp9vEMCemLw50sbu,pop dance
4sTQVOfp9vEMCemLw50sbu,tropical house
1HBjj22wzbscIZ9sEb5dyf,dance pop
1HBjj22wzbscIZ9sEb5dyf,edm
1HBjj22wzbscIZ9sEb5dyf,pop
1HBjj22wzbscIZ9sEb5dyf,pop dance
1HBjj22wzbscIZ9sEb5dyf,post-teen pop
1HBjj22wzbscIZ9sEb5dyf,tropical house
1HBjj22wzbscIZ9sEb5dyf,uk dance
60d24wfXkVzDSfLS6hyCjZ,dance pop
60d24wfXkVzDSfLS6hyCjZ,dutch edm
60d24wfXkVzDSfLS6hyCjZ,edm
60d24wfXkVzDSfLS6hyCjZ,electro house
60d24wfXkVzDSfLS6hyCjZ,pop
60d24wfXkVzDSfLS6hyCjZ,pop dance
60d24wfXkVzDSfLS6hyCjZ,progressive house
60d24wfXkVzDSfLS6hyCjZ,tropical house
6lB8vOoI4DRrrVxXwuV19c,dance pop
6lB8vOoI4DRrrVxXwuV19c,deep tropical house
6lB8vOoI4DRrrVxXwuV19c,edm
6lB8vOoI4DRrrVxXwuV19c,electro house
6lB8vOoI4DRrrVxXwuV19c,pop
6lB8vOoI4DRrrVxXwuV19c,pop dance
6lB8vOoI4DRrrVxXwuV19c,pop edm
6lB8vOoI4DRrrVxXwuV19c,swedish tropical house
6lB8vOoI4DRrrVxXwuV19c,tropical house
4ehtJnVumNf6xzSCDk8aLB,dance pop
4ehtJnVumNf6xzSCDk8aLB,danish electronic
4ehtJnVumNf6xzSCDk8aLB,edm
4ehtJnVumNf6xzSCDk8aLB,electro house
4ehtJnVumNf6xzSCDk8aLB,pop
4ehtJnVumNf6xzSCDk8aLB,pop dance
4ehtJnVumNf6xzSCDk8aLB,pop edm
4ehtJnVumNf6xzSCDk8aLB,tropical house
1l2ekx5skC4gJH8djERwh1,dance pop
1l2ekx5skC4gJH8djERwh1,edm
1l2ekx5skC4gJH8djERwh1,electro house
1l2ekx5skC4gJH8djERwh1,future house
1l2ekx5skC4gJH8djERwh1,house
1l2ekx5skC4gJH8djERwh1,pop dance
1l2ekx5skC4gJH8djERwh1,pop edm
1l2ekx5skC4gJH8djERwh1,progressive electro house
1l2ekx5skC4gJH8djERwh1,progressive house
1l2ekx5skC4gJH8djERwh1,tropical house
5wwneIFdawNgQ7GvKK29Z3,dance pop
5wwneIFdawNgQ7GvKK29Z3,edm
5wwneIFdawNgQ7GvKK29Z3,electro house
5wwneIFdawNgQ7GvKK29Z3,pop dance
5wwneIFdawNgQ7GvKK29Z3,pop edm
5wwneIFdawNgQ7GvKK29Z3,tropical house
3tLYpanVDomWAZqF82NPds,dance pop
3tLYpanVDomWAZqF82NPds,edm
3tLYpanVDomWAZqF82NPds,electronic trap
3tLYpanVDomWAZqF82NPds,pop dance
3tLYpanVDomWAZqF82NPds,pop rap
3tLYpanVDomWAZqF82NPds,tropical house
6cEuCEZu7PAE9ZSzLLc2oQ,dance pop
6cEuCEZu7PAE9ZSzLLc2oQ,dutch house
6cEuCEZu7PAE9ZSzLLc2oQ,edm
6cEuCEZu7PAE9ZSzLLc2oQ,electro house
6cEuCEZu7PAE9ZSzLLc2oQ,pop
6cEuCEZu7PAE9ZSzLLc2oQ,pop dance
6cEuCEZu7PAE9ZSzLLc2oQ,progressive electro house
6cEuCEZu7PAE9ZSzLLc2oQ,slap house
6cEuCEZu7PAE9ZSzLLc2oQ,tropical house
1bj5GrcLom5gZFF5t949Xl,dance pop
1bj5GrcLom5gZFF5t949Xl,disco house
1bj5GrcLom5gZFF5t949Xl,edm
1bj5GrcLom5gZFF5t949Xl,electro house
1bj5GrcLom5gZFF5t949Xl,filter house
1bj5GrcLom5gZFF5t949Xl,house
1bj5GrcLom5gZFF5t949Xl,pop dance
1bj5GrcLom5gZFF5t949Xl,tropical house
1bj5GrcLom5gZFF5t949Xl,vocal house
1IueXOQyABrMOprrzwQJWN,dance pop
1IueXOQyABrMOprrzwQJWN,edm
1IueXOQyABrMOprrzwQJWN,house
1IueXOQyABrMOprrzwQJWN,pop
1IueXOQyABrMOprrzwQJWN,pop dance
1IueXOQyABrMOprrzwQJWN,tropical house
1LOB7jTeEV14pHai6EXSzF,dance pop
1LOB7jTeEV14pHai6EXSzF,edm
1LOB7jTeEV14pHai6EXSzF,electro house
1LOB7jTeEV14pHai6EXSzF,electropop
1LOB7jTeEV14pHai6EXSzF,electropowerpop
1LOB7jTeEV14pHai6EXSzF,indie poptimism
1LOB7jTeEV14pHai6EXSzF,pop
1LOB7jTeEV14pHai6EXSzF,pop dance
1LOB7jTeEV14pHai6EXSzF,pop edm
1LOB7jTeEV14pHai6EXSzF,tropical house
7f5Zgnp2spUuuzKplmRkt7,belgian edm
7f5Zgnp2spUuuzKplmRkt7,edm
7f5Zgnp2spUuuzKplmRkt7,pop
7f5Zgnp2spUuuzKplmRkt7,pop dance
7f5Zgnp2spUuuzKplmRkt7,tropical house
4co1OIKlUOsNNVJFSZzO9N,v-pop
1CWwyDPjCowRTO4p6A7r6g,v-pop
1CWwyDPjCowRTO4p6A7r6g,vietnamese singer-songwriter
3EP4RX5LSuwDVy4mDeF1rl,v-pop
3FwYnbtGNt8hJfjNuOfpeG,v-pop
5tPrBvEiBBbSyMFz2u2ZMi,v-pop
5tPrBvEiBBbSyMFz2u2ZMi,vietnamese pop
0KWdVd7ZYhtlm0CLHIFBya,v-pop
0KWdVd7ZYhtlm0CLHIFBya,vietnamese pop
21dooacK2WGBB5amYvKyfM,dark trap
21dooacK2WGBB5amYvKyfM,melodic rap
21dooacK2WGBB5amYvKyfM,meme rap
21dooacK2WGBB5amYvKyfM,miami hip hop
21dooacK2WGBB5amYvKyfM,rap
21dooacK2WGBB5amYvKyfM,southern hip hop
21dooacK2WGBB5amYvKyfM,trap
21dooacK2WGBB5amYvKyfM,underground hip hop
21dooacK2WGBB5amYvKyfM,vapor trap
2rhFzFmezpnW82MNqEKVry,miami hip hop
2rhFzFmezpnW82MNqEKVry,rap
2rhFzFmezpnW82MNqEKVry,underground hip hop
1vb1XqzyNMQ16BqbxRz5BV,dark trap
1vb1XqzyNMQ16BqbxRz5BV,emo rap
1vb1XqzyNMQ16BqbxRz5BV,florida rap
1vb1XqzyNMQ16BqbxRz5BV,miami hip hop
1vb1XqzyNMQ16BqbxRz5BV,rap
1vb1XqzyNMQ16BqbxRz5BV,trap
1vb1XqzyNMQ16BqbxRz5BV,underground hip hop
1vb1XqzyNMQ16BqbxRz5BV,vapor trap
6MPCFvOQv5cIGfw3jODMF0,pop rap
6MPCFvOQv5cIGfw3jODMF0,rap
6MPCFvOQv5cIGfw3jODMF0,trap
1m7LSAMIB1BErIHYSOn32W,meme rap
1m7LSAMIB1BErIHYSOn32W,rap
1m7LSAMIB1BErIHYSOn32W,trap
1m7LSAMIB1BErIHYSOn32W,underground hip hop
1m7LSAMIB1BErIHYSOn32W,vapor trap
1iJdyDcY98X3GMnUesl7tf,meme rap
1iJdyDcY98X3GMnUesl7tf,rap
1iJdyDcY98X3GMnUesl7tf,trap
1iJdyDcY98X3GMnUesl7tf,underground hip hop
1iJdyDcY98X3GMnUesl7tf,vapor trap
1iJdyDcY98X3GMnUesl7tf,viral rap
6Xgp2XMz1fhVYe7i6yNAax,melodic rap
6Xgp2XMz1fhVYe7i6yNAax,rap
6Xgp2XMz1fhVYe7i6yNAax,trap
6ASri4ePR7RlsvIQgWPJpS,melodic rap
6ASri4ePR7RlsvIQgWPJpS,pop rap
3wyVrVrFCkukjdVIdirGVY,emo rap
3wyVrVrFCkukjdVIdirGVY,miami hip hop
3wyVrVrFCkukjdVIdirGVY,rap
3wyVrVrFCkukjdVIdirGVY,trap
3gGUMEwIX6XodWsYEvKSal,alabama rap
3gGUMEwIX6XodWsYEvKSal,pop rap
3gGUMEwIX6XodWsYEvKSal,rap
3gGUMEwIX6XodWsYEvKSal,trap
3gGUMEwIX6XodWsYEvKSal,vapor trap
3gGUMEwIX6XodWsYEvKSal,viral rap
6icQOAFXDZKsumw3YXyusw,atl hip hop
6icQOAFXDZKsumw3YXyusw,hip hop
6icQOAFXDZKsumw3YXyusw,melodic rap
6icQOAFXDZKsumw3YXyusw,rap
6icQOAFXDZKsumw3YXyusw,trap
6icQOAFXDZKsumw3YXyusw,underground hip hop
4MCBfE4596Uoi2O4DtmEMz,chicago rap
4MCBfE4596Uoi2O4DtmEMz,melodic rap
4O15NlyKLIASxsJ0PrXPfz,melodic rap
4O15NlyKLIASxsJ0PrXPfz,philly rap
4O15NlyKLIASxsJ0PrXPfz,rap
4O15NlyKLIASxsJ0PrXPfz,trap
0iEtIxbK0KxaSlF7G42ZOp,hip hop
0iEtIxbK0KxaSlF7G42ZOp,pop rap
0iEtIxbK0KxaSlF7G42ZOp,rap
0iEtIxbK0KxaSlF7G42ZOp,southern hip hop
0iEtIxbK0KxaSlF7G42ZOp,trap
3Fl1V19tmjt57oBdxXKAjJ,cali rap
3Fl1V19tmjt57oBdxXKAjJ,trap
7d3WFRME3vBY2cgoP38RDo,melodic rap
7d3WFRME3vBY2cgoP38RDo,pop rap
7d3WFRME3vBY2cgoP38RDo,rap
7d3WFRME3vBY2cgoP38RDo,trap
6rYogEVj60BCIsLukpAnwr,dark trap
6rYogEVj60BCIsLukpAnwr,emo rap
6rYogEVj60BCIsLukpAnwr,scream rap
6rYogEVj60BCIsLukpAnwr,underground hip hop
1cNDP5yjU5vjeR8qMf4grg,melodic rap
1cNDP5yjU5vjeR8qMf4grg,trap
6fxyWrfmjcbj5d12gXeiNV,dark trap
6fxyWrfmjcbj5d12gXeiNV,drill
6fxyWrfmjcbj5d12gXeiNV,hip hop
6fxyWrfmjcbj5d12gXeiNV,miami hip hop
6fxyWrfmjcbj5d12gXeiNV,rap
6fxyWrfmjcbj5d12gXeiNV,trap
6fxyWrfmjcbj5d12gXeiNV,underground hip hop
5IbEL2xjRtKsunfmsahLuO,florida rap
5IbEL2xjRtKsunfmsahLuO,underground hip hop
5IbEL2xjRtKsunfmsahLuO,vapor trap
0c173mlxpT3dSFRgMO8XPh,detroit hip hop
0c173mlxpT3dSFRgMO8XPh,hip hop
0c173mlxpT3dSFRgMO8XPh,pop rap
0c173mlxpT3dSFRgMO8XPh,rap
0c173mlxpT3dSFRgMO8XPh,southern hip hop
0c173mlxpT3dSFRgMO8XPh,trap
6l3HvQ5sa6mXTsMTB19rO5,conscious hip hop
6l3HvQ5sa6mXTsMTB19rO5,north carolina hip hop
6l3HvQ5sa6mXTsMTB19rO5,rap
67nwj3Y5sZQLl72VNUHEYE,dance pop
67nwj3Y5sZQLl72VNUHEYE,gangster rap
67nwj3Y5sZQLl72VNUHEYE,hip hop
67nwj3Y5sZQLl72VNUHEYE,pop
67nwj3Y5sZQLl72VNUHEYE,pop rap
67nwj3Y5sZQLl72VNUHEYE,r&b
67nwj3Y5sZQLl72VNUHEYE,rap
67nwj3Y5sZQLl72VNUHEYE,southern hip hop
67nwj3Y5sZQLl72VNUHEYE,trap
67nwj3Y5sZQLl72VNUHEYE,urban contemporary
20sxb77xiYeusSH8cVdatc,hip hop
20sxb77xiYeusSH8cVdatc,philly rap
20sxb77xiYeusSH8cVdatc,pop rap
20sxb77xiYeusSH8cVdatc,rap
20sxb77xiYeusSH8cVdatc,southern hip hop
20sxb77xiYeusSH8cVdatc,trap
3KV3p5EY4AvKxOlhGHORLg,chicago rap
3KV3p5EY4AvKxOlhGHORLg,dance pop
3KV3p5EY4AvKxOlhGHORLg,hip hop
3KV3p5EY4AvKxOlhGHORLg,pop
3KV3p5EY4AvKxOlhGHORLg,pop rap
3KV3p5EY4AvKxOlhGHORLg,post-teen pop
3KV3p5EY4AvKxOlhGHORLg,r&b
3KV3p5EY4AvKxOlhGHORLg,southern hip hop
3KV3p5EY4AvKxOlhGHORLg,trap
3KV3p5EY4AvKxOlhGHORLg,urban contemporary
1sBkRIssrMs1AbVkOJbc7a,dirty south rap
1sBkRIssrMs1AbVkOJbc7a,gangster rap
1sBkRIssrMs1AbVkOJbc7a,hip hop
1sBkRIssrMs1AbVkOJbc7a,pop rap
1sBkRIssrMs1AbVkOJbc7a,rap
1sBkRIssrMs1AbVkOJbc7a,southern hip hop
1sBkRIssrMs1AbVkOJbc7a,trap
17lzZA2AlOHwCwFALHttmp,atl hip hop
17lzZA2AlOHwCwFALHttmp,gangster rap
17lzZA2AlOHwCwFALHttmp,hip hop
17lzZA2AlOHwCwFALHttmp,pop rap
17lzZA2AlOHwCwFALHttmp,rap
17lzZA2AlOHwCwFALHttmp,southern hip hop
17lzZA2AlOHwCwFALHttmp,trap
0QHgL1lAIqAw0HtD7YldmP,hip hop
0QHgL1lAIqAw0HtD7YldmP,miami hip hop
0QHgL1lAIqAw0HtD7YldmP,pop
0QHgL1lAIqAw0HtD7YldmP,pop rap
0QHgL1lAIqAw0HtD7YldmP,rap
0QHgL1lAIqAw0HtD7YldmP,southern hip hop
0QHgL1lAIqAw0HtD7YldmP,trap
2HPaUgqeutzr3jx5a9WyDV,pop
2HPaUgqeutzr3jx5a9WyDV,pop rap
2HPaUgqeutzr3jx5a9WyDV,r&b
2HPaUgqeutzr3jx5a9WyDV,rap
2HPaUgqeutzr3jx5a9WyDV,toronto rap
2HPaUgqeutzr3jx5a9WyDV,trap
2HPaUgqeutzr3jx5a9WyDV,urban contemporary
2jku7tDXc6XoB6MO2hFuqg,canadian hip hop
2jku7tDXc6XoB6MO2hFuqg,canadian trap
2jku7tDXc6XoB6MO2hFuqg,hip hop
2jku7tDXc6XoB6MO2hFuqg,melodic rap
2jku7tDXc6XoB6MO2hFuqg,pop rap
2jku7tDXc6XoB6MO2hFuqg,r&b
2jku7tDXc6XoB6MO2hFuqg,rap
2jku7tDXc6XoB6MO2hFuqg,toronto rap
2jku7tDXc6XoB6MO2hFuqg,trap
6vXTefBL93Dj5IqAWq6OTv,gangster rap
6vXTefBL93Dj5IqAWq6OTv,hip hop
6vXTefBL93Dj5IqAWq6OTv,pop rap
6vXTefBL93Dj5IqAWq6OTv,rap
6vXTefBL93Dj5IqAWq6OTv,southern hip hop
6vXTefBL93Dj5IqAWq6OTv,trap
50co4Is1HCEo8bhOyUWKpn,atl hip hop
50co4Is1HCEo8bhOyUWKpn,atl trap
50co4Is1HCEo8bhOyUWKpn,gangster rap
50co4Is1HCEo8bhOyUWKpn,melodic rap
50co4Is1HCEo8bhOyUWKpn,pop rap
50co4Is1HCEo8bhOyUWKpn,rap
50co4Is1HCEo8bhOyUWKpn,trap
7c0XG5cIJTrrAgEC3ULPiq,pop
7c0XG5cIJTrrAgEC3ULPiq,pop rap
7c0XG5cIJTrrAgEC3ULPiq,r&b
7c0XG5cIJTrrAgEC3ULPiq,southern hip hop
7c0XG5cIJTrrAgEC3ULPiq,trap
7c0XG5cIJTrrAgEC3ULPiq,trap soul
5LHRHt1k9lMyONurDHEdrp,dance pop
5LHRHt1k9lMyONurDHEdrp,hip hop
5LHRHt1k9lMyONurDHEdrp,pop rap
5LHRHt1k9lMyONurDHEdrp,rap
5LHRHt1k9lMyONurDHEdrp,southern hip hop
5LHRHt1k9lMyONurDHEdrp,trap
55Aa2cqylxrFIXC767Z865,hip hop
55Aa2cqylxrFIXC767Z865,new orleans rap
55Aa2cqylxrFIXC767Z865,pop rap
55Aa2cqylxrFIXC767Z865,rap
55Aa2cqylxrFIXC767Z865,trap
7rkW85dBwwrJtlHRDkJDAC,canadian hip hop
7rkW85dBwwrJtlHRDkJDAC,canadian trap
7rkW85dBwwrJtlHRDkJDAC,hip hop
7rkW85dBwwrJtlHRDkJDAC,melodic rap
7rkW85dBwwrJtlHRDkJDAC,pop rap
7rkW85dBwwrJtlHRDkJDAC,rap
7rkW85dBwwrJtlHRDkJDAC,toronto rap
7rkW85dBwwrJtlHRDkJDAC,trap
2YZyLoL8N0Wb9xBt1NhZWg,conscious hip hop
2YZyLoL8N0Wb9xBt1NhZWg,hip hop
2YZyLoL8N0Wb9xBt1NhZWg,rap
2YZyLoL8N0Wb9xBt1NhZWg,west coast rap
6oMuImdp5ZcFhWP0ESe6mG,atl hip hop
6oMuImdp5ZcFhWP0ESe6mG,hip hop
6oMuImdp5ZcFhWP0ESe6mG,pop rap
6oMuImdp5ZcFhWP0ESe6mG,rap
6oMuImdp5ZcFhWP0ESe6mG,southern hip hop
6oMuImdp5ZcFhWP0ESe6mG,trap
03RW9nhAyt03K42HHHLuus,v-pop
3BWBxpXDxofgji3RKZPIz8,v-pop
3Ufoo4BPShhahtCSjgpBLP,v-pop
033tY0EKEVdDtzoeEMMCJC,v-pop
4POahBr8YCPNKGErIiofyx,v-pop
5TSjLaWHQ69GaALubAM7gR,v-pop
4RPhZ2g5GYff0hKNBlZKXh,v-pop
5Ib3D8UtLdYZjhVNWzwfoH,indie viet
5Ib3D8UtLdYZjhVNWzwfoH,v-pop
5Ib3D8UtLdYZjhVNWzwfoH,vietnamese singer-songwriter
5Cf9nBDNc99UFkq9Yqap7Q,v-pop
6yzbDKj9tQCYUyhAvrDNHW,v-pop
5lAfakPZgxFKgiJD6xAF1G,v-pop
5CGYEvANR5mmYEuQwTYC93,v-pop
6jFvKq4gMkQ50joURHPGXO,v-pop
7yquVKfxBuNFJbG9cy2R8A,v-pop
6T5tfhQCknKG4UnH90qGnz,dance pop
6T5tfhQCknKG4UnH90qGnz,pop
6T5tfhQCknKG4UnH90qGnz,pop rock
6T5tfhQCknKG4UnH90qGnz,post-teen pop
4VhL8KLjVso4vLfOLVViTb,dance pop
4VhL8KLjVso4vLfOLVViTb,pop
4VhL8KLjVso4vLfOLVViTb,post-teen pop
4VhL8KLjVso4vLfOLVViTb,social media pop
4VhL8KLjVso4vLfOLVViTb,viral pop
1KYszkVzlhV3rAqmAcYIgd,dance pop
1KYszkVzlhV3rAqmAcYIgd,post-teen pop
1KYszkVzlhV3rAqmAcYIgd,social media pop
1KYszkVzlhV3rAqmAcYIgd,viral pop
4Rxn7Im3LGfyRkY2FlHhWi,dance pop
4Rxn7Im3LGfyRkY2FlHhWi,pop
4Rxn7Im3LGfyRkY2FlHhWi,post-teen pop
4Rxn7Im3LGfyRkY2FlHhWi,viral pop
1Xylc3o4UrD53lo9CvFvVg,dance pop
1Xylc3o4UrD53lo9CvFvVg,edm
1Xylc3o4UrD53lo9CvFvVg,electropop
1Xylc3o4UrD53lo9CvFvVg,pop
1Xylc3o4UrD53lo9CvFvVg,pop dance
1Xylc3o4UrD53lo9CvFvVg,post-teen pop
1Xylc3o4UrD53lo9CvFvVg,scandipop
1Xylc3o4UrD53lo9CvFvVg,swedish electropop
1Xylc3o4UrD53lo9CvFvVg,swedish pop
1Xylc3o4UrD53lo9CvFvVg,tropical house
2kRfqPViCqYdSGhYSM9R0Q,alt z
2kRfqPViCqYdSGhYSM9R0Q,dance pop
2kRfqPViCqYdSGhYSM9R0Q,electropop
2kRfqPViCqYdSGhYSM9R0Q,pop
2kRfqPViCqYdSGhYSM9R0Q,post-teen pop
4ntkql3f3ect7NDRUJ7aAY,dance pop
4ntkql3f3ect7NDRUJ7aAY,disney
4ntkql3f3ect7NDRUJ7aAY,girl group
4ntkql3f3ect7NDRUJ7aAY,pop
4ntkql3f3ect7NDRUJ7aAY,post-teen pop
533HtQP5btWIZcKlHJtEWK,pop
533HtQP5btWIZcKlHJtEWK,post-teen pop
0SCbttzoZTnLFebDYmAWCm,glee club
0SCbttzoZTnLFebDYmAWCm,hollywood
0SCbttzoZTnLFebDYmAWCm,post-teen pop
7n2wHs1TKAczGzO7Dd2rGr,canadian pop
7n2wHs1TKAczGzO7Dd2rGr,dance pop
7n2wHs1TKAczGzO7Dd2rGr,pop
7n2wHs1TKAczGzO7Dd2rGr,post-teen pop
7n2wHs1TKAczGzO7Dd2rGr,viral pop
4IWBUUAFIplrNtaOHcJPRM,pop
4IWBUUAFIplrNtaOHcJPRM,post-teen pop
4IWBUUAFIplrNtaOHcJPRM,talent show
4IWBUUAFIplrNtaOHcJPRM,uk pop
0B3N0ZINFWvizfa8bKiz4v,indie cafe pop
0B3N0ZINFWvizfa8bKiz4v,neo mellow
0B3N0ZINFWvizfa8bKiz4v,pop
0B3N0ZINFWvizfa8bKiz4v,pop rock
0B3N0ZINFWvizfa8bKiz4v,post-teen pop
0B3N0ZINFWvizfa8bKiz4v,uk pop
0B3N0ZINFWvizfa8bKiz4v,viral pop
2wY79sveU1sp5g7SokKOiI,dance pop
2wY79sveU1sp5g7SokKOiI,pop
2wY79sveU1sp5g7SokKOiI,post-teen pop
2wY79sveU1sp5g7SokKOiI,uk pop
6VuMaDnrHyPL1p4EHjYLi7,dance pop
6VuMaDnrHyPL1p4EHjYLi7,pop
6VuMaDnrHyPL1p4EHjYLi7,post-teen pop
6VuMaDnrHyPL1p4EHjYLi7,viral pop
6ydoSd3N2mwgwBHtF6K7eX,indie cafe pop
6ydoSd3N2mwgwBHtF6K7eX,pop
5pUo3fmmHT8bhCyHE52hA6,dance pop
5pUo3fmmHT8bhCyHE52hA6,pop
5pUo3fmmHT8bhCyHE52hA6,post-teen pop
5pUo3fmmHT8bhCyHE52hA6,social media pop
7gAppWoH7pcYmphCVTXkzs,boy band
7gAppWoH7pcYmphCVTXkzs,dance pop
7gAppWoH7pcYmphCVTXkzs,pop
7gAppWoH7pcYmphCVTXkzs,post-teen pop
4GNC7GD6oZMSxPGyXy4MNB,pop
4GNC7GD6oZMSxPGyXy4MNB,uk pop
4EzkuveR9pLvDVFNx6foYD,modern rock
4EzkuveR9pLvDVFNx6foYD,neo mellow
4EzkuveR9pLvDVFNx6foYD,pop
4EzkuveR9pLvDVFNx6foYD,pop rock
1uNFoZAHBGtllmzznpCI3s,canadian pop
1uNFoZAHBGtllmzznpCI3s,pop
1uNFoZAHBGtllmzznpCI3s,post-teen pop
4kYGAK2zu9EAomwj3hXkXy,indie cafe pop
4kYGAK2zu9EAomwj3hXkXy,neo mellow
4kYGAK2zu9EAomwj3hXkXy,pop
4kYGAK2zu9EAomwj3hXkXy,pop rock
4kYGAK2zu9EAomwj3hXkXy,tropical house
4kYGAK2zu9EAomwj3hXkXy,uk pop
69GGBxA162lTqCwzJG5jLp,dance pop
69GGBxA162lTqCwzJG5jLp,edm
69GGBxA162lTqCwzJG5jLp,electropop
69GGBxA162lTqCwzJG5jLp,pop
69GGBxA162lTqCwzJG5jLp,pop dance
69GGBxA162lTqCwzJG5jLp,tropical house
6CNP9iFxdzCTy2sasDAHd8,focus beats
6CNP9iFxdzCTy2sasDAHd8,lo-fi brasileiro
6MskdmwJvTyAR5l8cIcual,focus beats
0cqZ61vhObf3KJ2UgaveZg,focus beats
0cqZ61vhObf3KJ2UgaveZg,japanese chillhop
5fn1tnRpZpWa31F9ZLPrjS,focus beats
07cqYCAhK2tVhD6JKkWAIS,focus beats
5xeMVXkveG9VsUdcZweo3N,focus beats
5xeMVXkveG9VsUdcZweo3N,lo-fi beats
5xeMVXkveG9VsUdcZweo3N,lo-fi cover
5xeMVXkveG9VsUdcZweo3N,lo-fi jazzhop
4YFewOTyrU36fR7k3LkIY4,focus beats
4YFewOTyrU36fR7k3LkIY4,lo-fi brasileiro
1CEqyczKKYNhzgqCjH7G7Q,focus beats
1CEqyczKKYNhzgqCjH7G7Q,lo-fi beats
5r4pQdeOkSMx1y2NNMDSlu,focus beats
5r4pQdeOkSMx1y2NNMDSlu,lo-fi beats
5r4pQdeOkSMx1y2NNMDSlu,lo-fi jazzhop
77jtcaEClrbLGPkjGXpnCu,focus beats
77jtcaEClrbLGPkjGXpnCu,lo-fi beats
6zQB8H6a9DxpgcNexhg77O,focus beats
3lT3aINvgPkRFkTa6bz9Dl,focus beats
3lT3aINvgPkRFkTa6bz9Dl,lo-fi beats
2RTHRVmtTiMDjDCZIOO9wq,focus beats
2RTHRVmtTiMDjDCZIOO9wq,lo-fi beats
2RTHRVmtTiMDjDCZIOO9wq,lo-fi jazzhop
30b9WulBM8sFuBo17nNq9c,k-pop
30b9WulBM8sFuBo17nNq9c,k-rap
3e3oLJehq4vQl2H0FAJnvn,k-pop
3e3oLJehq4vQl2H0FAJnvn,k-rap
20j1uz7iDOtIvIzCr5S8nx,k-pop
1l0mKo96Jh9HVYONcRl3Yp,dance pop
1l0mKo96Jh9HVYONcRl3Yp,k-pop
1l0mKo96Jh9HVYONcRl3Yp,k-pop girl group
3offPqpKAKmpQkIdWnjzkc,k-pop
3offPqpKAKmpQkIdWnjzkc,k-pop boy group
5iRPbkcPmqAFFwDUj6ywVS,k-pop
5iRPbkcPmqAFFwDUj6ywVS,k-pop boy group
6gzXCdfYfFe5XKhPKkYqxV,k-pop
6gzXCdfYfFe5XKhPKkYqxV,k-pop boy group
1Pr9gT0veB2tgcisQeIGoC,k-pop
1Pr9gT0veB2tgcisQeIGoC,k-pop boy group
6nVMMEywS5Y4tsHPKx1nIo,k-pop
6nVMMEywS5Y4tsHPKx1nIo,k-pop boy group
14f1WN9TUDVBK4sHUStmLG,k-pop
14f1WN9TUDVBK4sHUStmLG,k-pop boy group
2hRQKC0gqlZGPrmUKbcchR,k-pop
2hRQKC0gqlZGPrmUKbcchR,k-pop boy group
6cdC1cwqh3eJAXaxXJt2jv,k-pop
6cdC1cwqh3eJAXaxXJt2jv,k-pop girl group
3sxWOFw4MSN54SIQ8np6iG,k-pop
3sxWOFw4MSN54SIQ8np6iG,k-pop boy group
5DuzBeOgFwViFcv00Q5PFb,k-pop
5DuzBeOgFwViFcv00Q5PFb,k-pop boy group
3wRA5UYoo08BBKJnzyKkpF,k-pop
3wRA5UYoo08BBKJnzyKkpF,k-pop girl group
5snNHNlYT2UrtZo5HCJkiw,k-pop
5snNHNlYT2UrtZo5HCJkiw,k-rap
5snNHNlYT2UrtZo5HCJkiw,korean old school hip hop
5snNHNlYT2UrtZo5HCJkiw,korean pop
6dCz3spfpIvqqqsIoP6wXi,k-pop
6dCz3spfpIvqqqsIoP6wXi,k-pop boy group
4XDi67ZENZcbfKnvMnTYsI,k-pop
4XDi67ZENZcbfKnvMnTYsI,k-rap
4XDi67ZENZcbfKnvMnTYsI,korean r&b
1BEohdSWSBggmO979tzRwW,k-pop
1BEohdSWSBggmO979tzRwW,k-pop girl group
2hcsKca6hCfFMwwdbFvenJ,k-pop
2hcsKca6hCfFMwwdbFvenJ,k-pop boy group
6ZmHJcmCcc9X2sAyz6cHng,v-pop
75Ki5hBCOpDtKGoFyTvLxP,v-pop
1TvbG8tcNNZeRnFO8iVkAa,v-pop
5GBXwBVQufRCmwI1bNRIUo,v-pop
4bvfBwk7P6u7mvXkaKu1Hy,viet lo-fi
0tBmmwc8j8zbJxISwdsvjA,v-pop
0tBmmwc8j8zbJxISwdsvjA,vietnamese singer-songwriter
1L1VfizWn4DkFt602yD80U,v-pop
3QyCFxq4UXBC4duyHI2LCP,v-pop
5FWPIKz9czXWaiNtw45KQs,v-pop
3rjcQ5VIWCN4q7UFetzdeO,v-pop
3rjcQ5VIWCN4q7UFetzdeO,vietnamese hip hop
4ZSYaCMxF2k6maN3KTP17F,v-pop
5akggz3MdneiFGBlJrZM6O,v-pop
5akggz3MdneiFGBlJrZM6O,vietnamese singer-songwriter
6CGGvCBHWqQ4HXtn5aLhbh,v-pop
2nSO7JYDbJrYbJmP39qUzj,v-pop
2nSO7JYDbJrYbJmP39qUzj,vietnamese hip hop
6kFhNMq6O8P5QKdqlGMUVW,v-pop
6kFhNMq6O8P5QKdqlGMUVW,vietnamese hip hop
1WvNgEoB66jmHodcj15Zi9,v-pop
1WvNgEoB66jmHodcj15Zi9,vietnamese hip hop
0gGd4WhPXBSgDX6fdOHcOw,v-pop
0gGd4WhPXBSgDX6fdOHcOw,vietnamese hip hop
2rKtPYcwYmevNcaqzJOwvf,v-pop
2rKtPYcwYmevNcaqzJOwvf,vietnamese hip hop
4RGBKkUyyvsim9vdBKCCkc,v-pop
4RGBKkUyyvsim9vdBKCCkc,vietnamese hip hop
6TITnFVRcl0AcZ4syE7Toe,v-pop
6TITnFVRcl0AcZ4syE7Toe,vietnamese hip hop
30eFAXoU2kTjJPf2cq80B8,v-pop
30eFAXoU2kTjJPf2cq80B8,vietnamese hip hop
2aQnC3DbZB9GbauvhAw7ve,v-pop
1LEtM3AleYg1xabW6CRkpi,indie viet
1LEtM3AleYg1xabW6CRkpi,v-pop
1LEtM3AleYg1xabW6CRkpi,vietnamese hip hop
6zUWZmyi5MLOEynQ5wCI5f,indie viet
6zUWZmyi5MLOEynQ5wCI5f,v-pop
6zUWZmyi5MLOEynQ5wCI5f,vietnamese hip hop
2xK6qcvfXuFFbU0NL95aeo,v-pop
2xK6qcvfXuFFbU0NL95aeo,vietnamese singer-songwriter
3oB1lv9FWDKbNOUvdTw75Q,v-pop
3oB1lv9FWDKbNOUvdTw75Q,vietnamese hip hop
0IdAjS2LRieBR3gzoazdAw,v-pop
6OzE2OdvV2tGAxSBsBuZ74,v-pop
6OzE2OdvV2tGAxSBsBuZ74,vietnamese singer-songwriter
63yrD80RY3RNEM2YDpUpO8,alt z
63yrD80RY3RNEM2YDpUpO8,dance pop
63yrD80RY3RNEM2YDpUpO8,electropop
63yrD80RY3RNEM2YDpUpO8,pop
1o2NpYGqHiCq7FoiYdyd1x,alt z
1o2NpYGqHiCq7FoiYdyd1x,dance pop
1o2NpYGqHiCq7FoiYdyd1x,electropop
1o2NpYGqHiCq7FoiYdyd1x,indie cafe pop
1o2NpYGqHiCq7FoiYdyd1x,indie poptimism
1o2NpYGqHiCq7FoiYdyd1x,modern rock
1o2NpYGqHiCq7FoiYdyd1x,pop
1o2NpYGqHiCq7FoiYdyd1x,pop rap
1o2NpYGqHiCq7FoiYdyd1x,post-teen pop
1o2NpYGqHiCq7FoiYdyd1x,talent show
3LjhVl7GzYsza1biQjTpaN,alt z
3LjhVl7GzYsza1biQjTpaN,dance pop
3LjhVl7GzYsza1biQjTpaN,electropop
3LjhVl7GzYsza1biQjTpaN,indie poptimism
3LjhVl7GzYsza1biQjTpaN,pop
3LjhVl7GzYsza1biQjTpaN,post-teen pop
0X2BH1fck6amBIoJhDVmmJ,dance pop
0X2BH1fck6amBIoJhDVmmJ,edm
0X2BH1fck6amBIoJhDVmmJ,electropop
0X2BH1fck6amBIoJhDVmmJ,indietronica
0X2BH1fck6amBIoJhDVmmJ,metropopolis
0X2BH1fck6amBIoJhDVmmJ,pop
0X2BH1fck6amBIoJhDVmmJ,post-teen pop
0X2BH1fck6amBIoJhDVmmJ,tropical house
0X2BH1fck6amBIoJhDVmmJ,uk pop
4JNfz6aO9ZFz0gp5GY88am,alt z
4JNfz6aO9ZFz0gp5GY88am,dance pop
4JNfz6aO9ZFz0gp5GY88am,electropop
4JNfz6aO9ZFz0gp5GY88am,indie poptimism
4JNfz6aO9ZFz0gp5GY88am,pixie
4JNfz6aO9ZFz0gp5GY88am,pop
4JNfz6aO9ZFz0gp5GY88am,post-teen pop
4JNfz6aO9ZFz0gp5GY88am,social media pop
2FovgCfOwN9iqbkCBlKFdT,alt z
2FovgCfOwN9iqbkCBlKFdT,electropop
2FovgCfOwN9iqbkCBlKFdT,pop
2FovgCfOwN9iqbkCBlKFdT,social media pop
0uGk2czvcpWQA383Im6ajf,alt z
0uGk2czvcpWQA383Im6ajf,pop
0uGk2czvcpWQA383Im6ajf,post-teen pop
0uGk2czvcpWQA383Im6ajf,social media pop
0DxYes5zk3LMaliyhYdXHN,v-pop
0DxYes5zk3LMaliyhYdXHN,vietnamese pop
0DxYes5zk3LMaliyhYdXHN,vietnamese singer-songwriter
4F5jaYapI8RtTpqwaYs4IF,v-pop
4F5jaYapI8RtTpqwaYs4IF,vietnamese bolero
4F5jaYapI8RtTpqwaYs4IF,vietnamese pop
1gcRVXmxLnwzd7EJn5dLGD,v-pop
1gcRVXmxLnwzd7EJn5dLGD,vietnamese pop
5MibVKlWvof8lLAkOaaDmi,v-pop
5MibVKlWvof8lLAkOaaDmi,vietnamese pop
7l7DZWQaVIS13zFgSf7eb4,v-pop
7l7DZWQaVIS13zFgSf7eb4,vietnamese pop
7cmcZaAbbTZIKiqIBJ2ycu,v-pop
7cmcZaAbbTZIKiqIBJ2ycu,vietnamese pop
4HyBLptfM7nZhrcss4if7x,v-pop
7cYEt1pqMgXJdq00hAwVpT,electropop
7cYEt1pqMgXJdq00hAwVpT,pop
0e86yPdC41PGRkLp2Q1Bph,vancouver indie
4as3khXWaPjfkFdCA0JWMo,modern alternative pop
6rniTPs9zN26kYnkPdFl1U,indie pop
6rniTPs9zN26kYnkPdFl1U,modern rock
0m5FakHKCQdA7UN0PIzMcL,indie pop
0m5FakHKCQdA7UN0PIzMcL,lo-fi indie
3XxNRirzbjfLdDli06zMaB,noise pop
6QrQ7OrISRYIfS5mtacaw2,alt z
6QrQ7OrISRYIfS5mtacaw2,indie cafe pop
6QrQ7OrISRYIfS5mtacaw2,indie poptimism
6QrQ7OrISRYIfS5mtacaw2,modern rock
6QrQ7OrISRYIfS5mtacaw2,pop
3uwAm6vQy7kWPS2bciKWx9,bedroom pop
3uwAm6vQy7kWPS2bciKWx9,bubblegrunge
3uwAm6vQy7kWPS2bciKWx9,indie pop
3uwAm6vQy7kWPS2bciKWx9,norwegian indie
2uYWxilOVlUdk4oV9DvwqK,brooklyn indie
2uYWxilOVlUdk4oV9DvwqK,indie pop
1vkWdqcabQ1swciXipkLBj,indie pop
2hR4h1Cao2ueuI7Cx9c7V8,alt z
2hR4h1Cao2ueuI7Cx9c7V8,bedroom pop
2hR4h1Cao2ueuI7Cx9c7V8,indie pop
3mIj9lX2MWuHmhNCA7LSCW,modern alternative rock
3mIj9lX2MWuHmhNCA7LSCW,modern rock
3mIj9lX2MWuHmhNCA7LSCW,nu gaze
3mIj9lX2MWuHmhNCA7LSCW,pop
3mIj9lX2MWuHmhNCA7LSCW,rock
4Uc8Dsxct0oMqx0P6i60ea,alt z
4Uc8Dsxct0oMqx0P6i60ea,bedroom pop
4Uc8Dsxct0oMqx0P6i60ea,electropop
4Uc8Dsxct0oMqx0P6i60ea,indie pop
4Uc8Dsxct0oMqx0P6i60ea,pop
4Uc8Dsxct0oMqx0P6i60ea,post-teen pop
6eJa3zG1QZLRB3xgRuyxbm,austindie
6eJa3zG1QZLRB3xgRuyxbm,indie pop
6eJa3zG1QZLRB3xgRuyxbm,modern rock
35l9BRT7MXmM8bv2WDQiyB,bedroom pop
35l9BRT7MXmM8bv2WDQiyB,bubblegrunge
35l9BRT7MXmM8bv2WDQiyB,indie pop
6fC2AcsQtd9h4BWELbbire,indie pop
6fC2AcsQtd9h4BWELbbire,modern alternative rock
6fC2AcsQtd9h4BWELbbire,modern rock
6fC2AcsQtd9h4BWELbbire,vancouver indie
0b1sIQumIAsNbqAoIClSpy,k-pop
0b1sIQumIAsNbqAoIClSpy,k-rap
2auC28zjQyVTsiZKNgPRGs,k-rap
3JsHnjpbhX4SnySpvpa9DK,korean ost
2dIgFjalVxs4ThymZ67YCE,k-pop
2dIgFjalVxs4ThymZ67YCE,k-pop boy group
2FLqlgckDKdmpBrvLAT5BM,k-pop
7nqOGRxlXj7N2JYbgNEjYH,k-pop
7nqOGRxlXj7N2JYbgNEjYH,k-pop boy group
4TnGh5PKbSjpYqpIdlW5nz,k-pop
4TnGh5PKbSjpYqpIdlW5nz,k-pop boy group
7f4ignuCJhLXfZ9giKT7rH,k-pop
7f4ignuCJhLXfZ9giKT7rH,k-pop boy group
6nfDaffa50mKtEOwR8g4df,k-pop
6nfDaffa50mKtEOwR8g4df,k-pop boy group
5na1LmEmK2VzNLje9snJYW,k-pop
5na1LmEmK2VzNLje9snJYW,k-pop boy group
5TnQc2N1iKlFjYD7CPGvFc,k-pop
5TnQc2N1iKlFjYD7CPGvFc,k-pop boy group
48eO052eSDcn8aTxiv6QaG,k-pop
48eO052eSDcn8aTxiv6QaG,k-pop boy group
1wKpMkucynaTfG8lyPprYV,k-pop
1wKpMkucynaTfG8lyPprYV,k-pop boy group
0XATRDCYuuGhk0oE7C0o5G,k-pop
0XATRDCYuuGhk0oE7C0o5G,k-pop girl group
5RmQ8k4l3HZ8JoPb4mNsML,k-rap
0ghlgldX5Dd6720Q3qFyQB,k-pop
0ghlgldX5Dd6720Q3qFyQB,k-pop boy group
13rF01aOogvnkuQXOlgTW8,k-pop
0CmvFWTX9zmMNCUi6fHtAx,k-pop
0CmvFWTX9zmMNCUi6fHtAx,k-pop boy group
3cjEqqelV9zb4BYE3qDQ4O,k-pop
3cjEqqelV9zb4BYE3qDQ4O,k-pop boy group
1kfWoWgCugPkyxQP8lkRlY,k-pop
2j3AXmye1FJXoGOXr6tufj,indie viet
2j3AXmye1FJXoGOXr6tufj,rock viet
2j3AXmye1FJXoGOXr6tufj,v-pop
1OIYKbmhG0RxPXvVPNj3NN,indie viet
1OIYKbmhG0RxPXvVPNj3NN,v-pop
4s1DRFQAYnDvXmKYFBUcYa,indie viet
4s1DRFQAYnDvXmKYFBUcYa,rock viet
57g2v7gJZepcwsuwssIfZs,indie viet
57g2v7gJZepcwsuwssIfZs,rock viet
57g2v7gJZepcwsuwssIfZs,v-pop
57g2v7gJZepcwsuwssIfZs,vietnamese singer-songwriter
5OvCh1Nin8AGw7OkxYinBe,v-pop
5OvCh1Nin8AGw7OkxYinBe,vietnamese singer-songwriter
3nGqUwkJHiLPDECMVrX1Sq,v-pop
1dmaHHd1Xbd85cT1egYb4w,v-pop
3UjpgK0RqZLxsJqa4akrNn,indie viet
3UjpgK0RqZLxsJqa4akrNn,rock viet
0wByIFp6P5D4QnZ6uNPAoT,indie viet
0wByIFp6P5D4QnZ6uNPAoT,rock viet
2knyDFP4xw9wZEWA98JX6b,indie viet
2knyDFP4xw9wZEWA98JX6b,v-pop
2knyDFP4xw9wZEWA98JX6b,vietnamese singer-songwriter
5j5vJBQTJARLJspItqVyvE,indie viet
5j5vJBQTJARLJspItqVyvE,v-pop
7BWNm2hXOL9wEuinNnWpxy,rock viet
1pKJ2DU2i3uu6a23ngLUby,indie viet
1pKJ2DU2i3uu6a23ngLUby,rock viet
1TdtsDVivxc6PpkQdNuXdR,indie viet
5h0cBKxBX54CqPaQU6tJhk,indie viet
5h0cBKxBX54CqPaQU6tJhk,v-pop
5h0cBKxBX54CqPaQU6tJhk,vietnamese singer-songwriter
5ehbiyqYPwIDaUY4AxrhVq,indie viet
5ehbiyqYPwIDaUY4AxrhVq,v-pop
5ehbiyqYPwIDaUY4AxrhVq,vietnamese singer-songwriter
0V2DfUrZvBuUReS1LFo5ZI,indie viet
0V2DfUrZvBuUReS1LFo5ZI,rock viet
0V2DfUrZvBuUReS1LFo5ZI,v-pop
2dIQYQOIZ3CNxRUNVwr8dW,v-pop
7ged6XN6Q6T4x6Cl8CTeG7,indie viet
7ged6XN6Q6T4x6Cl8CTeG7,v-pop
2aMo0CYbTieTisS0BlWc59,v-pop
6LuN9FCkKOj5PcnpouEgny,pop
66CXWjxzNUsdJxJ2JdwvnR,dance pop
66CXWjxzNUsdJxJ2JdwvnR,pop
66CXWjxzNUsdJxJ2JdwvnR,post-teen pop
1cZQSpDsxgKIX2yW5OR9Ot,alt z
1cZQSpDsxgKIX2yW5OR9Ot,canadian pop
1cZQSpDsxgKIX2yW5OR9Ot,dance pop
1cZQSpDsxgKIX2yW5OR9Ot,electropop
1cZQSpDsxgKIX2yW5OR9Ot,indie cafe pop
1cZQSpDsxgKIX2yW5OR9Ot,pop
1cZQSpDsxgKIX2yW5OR9Ot,post-teen pop
01y8iBZYk8aeNfPsuTVrAt,alt z
01y8iBZYk8aeNfPsuTVrAt,indie cafe pop
01y8iBZYk8aeNfPsuTVrAt,pop
01y8iBZYk8aeNfPsuTVrAt,uk pop
4tuJ0bMpJh08umKkEXKUI5,alt z
4tuJ0bMpJh08umKkEXKUI5,indie cafe pop
4tuJ0bMpJh08umKkEXKUI5,indie pop
4tuJ0bMpJh08umKkEXKUI5,pop
66W9LaWS0DPdL7Sz8iYGYe,alt z
66W9LaWS0DPdL7Sz8iYGYe,canadian contemporary r&b
66W9LaWS0DPdL7Sz8iYGYe,indie cafe pop
66W9LaWS0DPdL7Sz8iYGYe,pop
66W9LaWS0DPdL7Sz8iYGYe,post-teen pop
2WzaAvm2bBCf4pEhyuDgCY,alt z
2WzaAvm2bBCf4pEhyuDgCY,canadian contemporary r&b
2WzaAvm2bBCf4pEhyuDgCY,canadian pop
2WzaAvm2bBCf4pEhyuDgCY,indie cafe pop
2WzaAvm2bBCf4pEhyuDgCY,pop
2WzaAvm2bBCf4pEhyuDgCY,post-teen pop
2RVvqRBon9NgaGXKfywDSs,alt z
2RVvqRBon9NgaGXKfywDSs,electropop
2RVvqRBon9NgaGXKfywDSs,indie cafe pop
2RVvqRBon9NgaGXKfywDSs,indie pop
2RVvqRBon9NgaGXKfywDSs,pop
2RVvqRBon9NgaGXKfywDSs,uk pop
4SqTiwOEdYrNayaGMkc7ia,metropopolis
4SqTiwOEdYrNayaGMkc7ia,pop
6P5NO5hzJbuOqSdyPB7SJM,alt z
6P5NO5hzJbuOqSdyPB7SJM,electropop
6P5NO5hzJbuOqSdyPB7SJM,indie pop
6P5NO5hzJbuOqSdyPB7SJM,pop
6P5NO5hzJbuOqSdyPB7SJM,post-teen pop
7okSU80WTrn4LXlyXYbX3P,alt z
7okSU80WTrn4LXlyXYbX3P,indie cafe pop
7okSU80WTrn4LXlyXYbX3P,pop
7okSU80WTrn4LXlyXYbX3P,post-teen pop
1U1el3k54VvEUzo3ybLPlM,colombian pop
1U1el3k54VvEUzo3ybLPlM,pop
5ZS223C6JyBfXasXxrRqOk,alternative r&b
5ZS223C6JyBfXasXxrRqOk,dance pop
5ZS223C6JyBfXasXxrRqOk,pop
5ZS223C6JyBfXasXxrRqOk,r&b
5ZS223C6JyBfXasXxrRqOk,urban contemporary
0AsThoR4KZSVktALiNcQwW,alternative r&b
0AsThoR4KZSVktALiNcQwW,dance pop
0AsThoR4KZSVktALiNcQwW,pop
0AsThoR4KZSVktALiNcQwW,pop rap
0AsThoR4KZSVktALiNcQwW,post-teen pop
0AsThoR4KZSVktALiNcQwW,r&b
3QTDHixorJelOLxoxcjqGx,alternative r&b
3QTDHixorJelOLxoxcjqGx,hip hop
3QTDHixorJelOLxoxcjqGx,indie r&b
3QTDHixorJelOLxoxcjqGx,indie soul
3QTDHixorJelOLxoxcjqGx,la pop
3QTDHixorJelOLxoxcjqGx,r&b
3QTDHixorJelOLxoxcjqGx,rap
3QTDHixorJelOLxoxcjqGx,underground hip hop
7aFTOGFDEqDtJUCziLVsVC,alternative r&b
7aFTOGFDEqDtJUCziLVsVC,chill r&b
7aFTOGFDEqDtJUCziLVsVC,dance pop
7aFTOGFDEqDtJUCziLVsVC,indie r&b
7aFTOGFDEqDtJUCziLVsVC,indie soul
7aFTOGFDEqDtJUCziLVsVC,neo soul
7aFTOGFDEqDtJUCziLVsVC,pop
7aFTOGFDEqDtJUCziLVsVC,r&b
7aFTOGFDEqDtJUCziLVsVC,uk contemporary r&b
3rWZHrfrsPBxVy692yAIxF,afrofuturism
3rWZHrfrsPBxVy692yAIxF,dance pop
3rWZHrfrsPBxVy692yAIxF,electropop
3rWZHrfrsPBxVy692yAIxF,pop
3rWZHrfrsPBxVy692yAIxF,post-teen pop
3rWZHrfrsPBxVy692yAIxF,r&b
2auiVi8sUZo17dLy1HwrTU,afrofuturism
2auiVi8sUZo17dLy1HwrTU,alternative r&b
2auiVi8sUZo17dLy1HwrTU,dance pop
2auiVi8sUZo17dLy1HwrTU,escape room
2auiVi8sUZo17dLy1HwrTU,hip pop
2auiVi8sUZo17dLy1HwrTU,indie soul
2auiVi8sUZo17dLy1HwrTU,neo soul
2auiVi8sUZo17dLy1HwrTU,pop
2auiVi8sUZo17dLy1HwrTU,r&b
2auiVi8sUZo17dLy1HwrTU,urban contemporary
0NIIxcxNHmOoyBx03SfTCD,alternative r&b
0NIIxcxNHmOoyBx03SfTCD,dance pop
0NIIxcxNHmOoyBx03SfTCD,electropop
0NIIxcxNHmOoyBx03SfTCD,hip pop
0NIIxcxNHmOoyBx03SfTCD,metropopolis
0NIIxcxNHmOoyBx03SfTCD,pop
0NIIxcxNHmOoyBx03SfTCD,pop r&b
0NIIxcxNHmOoyBx03SfTCD,pop rap
0NIIxcxNHmOoyBx03SfTCD,post-teen pop
0NIIxcxNHmOoyBx03SfTCD,r&b
0NIIxcxNHmOoyBx03SfTCD,urban contemporary
5cj0lLjcoR7YOSnhnX0Po5,dance pop
5cj0lLjcoR7YOSnhnX0Po5,pop
5cj0lLjcoR7YOSnhnX0Po5,pop rap
63XBtGSEZINSyXylZxEUbv,alternative r&b
63XBtGSEZINSyXylZxEUbv,chill r&b
63XBtGSEZINSyXylZxEUbv,dance pop
63XBtGSEZINSyXylZxEUbv,indie r&b
63XBtGSEZINSyXylZxEUbv,pop
63XBtGSEZINSyXylZxEUbv,pop r&b
63XBtGSEZINSyXylZxEUbv,pop rap
63XBtGSEZINSyXylZxEUbv,post-teen pop
63XBtGSEZINSyXylZxEUbv,r&b
63XBtGSEZINSyXylZxEUbv,urban contemporary
1ybINI1qPiFbwDXamRtwxD,alternative r&b
1ybINI1qPiFbwDXamRtwxD,hip hop
1ybINI1qPiFbwDXamRtwxD,rap
1ybINI1qPiFbwDXamRtwxD,underground hip hop
57vWImR43h4CaDao012Ofp,afrofuturism
57vWImR43h4CaDao012Ofp,alternative r&b
57vWImR43h4CaDao012Ofp,rap
5UNWQJdUbO8Gbg9Qn3r52M,v-pop
4grjJqg7iwQ8RKHs8d9Snh,vietnamese hip hop
1cPpd989kghzlZqfpP4KwL,v-pop
1cPpd989kghzlZqfpP4KwL,vietnamese hip hop
5Rl15oVamLq7FbSb0NNBNy,boy band
5Rl15oVamLq7FbSb0NNBNy,dance pop
5Rl15oVamLq7FbSb0NNBNy,electropop
5Rl15oVamLq7FbSb0NNBNy,pop
5Rl15oVamLq7FbSb0NNBNy,post-teen pop
57WHJIHrjOE3iAxpihhMnp,pop
57WHJIHrjOE3iAxpihhMnp,post-teen pop
5CCwRZC6euC8Odo6y9X8jr,australian pop
5CCwRZC6euC8Odo6y9X8jr,dance pop
5CCwRZC6euC8Odo6y9X8jr,edm
5CCwRZC6euC8Odo6y9X8jr,electropop
5CCwRZC6euC8Odo6y9X8jr,pop
5CCwRZC6euC8Odo6y9X8jr,pop rap
5CCwRZC6euC8Odo6y9X8jr,post-teen pop
5CCwRZC6euC8Odo6y9X8jr,tropical house
5CCwRZC6euC8Odo6y9X8jr,uk pop
1BhWF9W2PngtPSyobKg0rP,dance pop
1BhWF9W2PngtPSyobKg0rP,pop
1BhWF9W2PngtPSyobKg0rP,pop r&b
1BhWF9W2PngtPSyobKg0rP,post-teen pop
1BhWF9W2PngtPSyobKg0rP,r&b
1BhWF9W2PngtPSyobKg0rP,social media pop
1BhWF9W2PngtPSyobKg0rP,urban contemporary
74KM79TiuVKeVCqs8QtB0B,alt z
74KM79TiuVKeVCqs8QtB0B,dance pop
74KM79TiuVKeVCqs8QtB0B,electropop
74KM79TiuVKeVCqs8QtB0B,pop
74KM79TiuVKeVCqs8QtB0B,post-teen pop
74KM79TiuVKeVCqs8QtB0B,viral pop
18moNotPmBWa2YZtRnIoZ3,anime
18moNotPmBWa2YZtRnIoZ3,anime rock
18moNotPmBWa2YZtRnIoZ3,j-pixie
18moNotPmBWa2YZtRnIoZ3,otacore
4eL15GpHSLAAvv5sT00c5i,anime
4eL15GpHSLAAvv5sT00c5i,j-pixie
4eL15GpHSLAAvv5sT00c5i,j-poprock
4eL15GpHSLAAvv5sT00c5i,otacore
4eL15GpHSLAAvv5sT00c5i,seiyu
5htVtReJ3NAwcAdxdHpim3,anime
5htVtReJ3NAwcAdxdHpim3,anime score
5htVtReJ3NAwcAdxdHpim3,j-pop girl group
5htVtReJ3NAwcAdxdHpim3,j-poprock
5htVtReJ3NAwcAdxdHpim3,otacore
4Mc3zbnQx4wRb0tYg7A8sG,anime
4Mc3zbnQx4wRb0tYg7A8sG,j-pop
4Mc3zbnQx4wRb0tYg7A8sG,j-poprock
4Mc3zbnQx4wRb0tYg7A8sG,vocaloid
0k7JZhYS35IewiKNHW7KMj,anime
0k7JZhYS35IewiKNHW7KMj,anime rock
0k7JZhYS35IewiKNHW7KMj,anime score
0k7JZhYS35IewiKNHW7KMj,j-poprock
0k7JZhYS35IewiKNHW7KMj,otacore
7qpGWSiolU9E5WbkvTaMDd,anime
7qpGWSiolU9E5WbkvTaMDd,anime rock
7qpGWSiolU9E5WbkvTaMDd,honeyworks
7qpGWSiolU9E5WbkvTaMDd,j-division
7qpGWSiolU9E5WbkvTaMDd,j-pop
7qpGWSiolU9E5WbkvTaMDd,j-poprock
7MIbdLkqD1qQE35LSISIM6,anime
7MIbdLkqD1qQE35LSISIM6,anime rock
7MIbdLkqD1qQE35LSISIM6,j-pixie
7MIbdLkqD1qQE35LSISIM6,j-poprock
7MIbdLkqD1qQE35LSISIM6,otacore
0bAsR2unSRpn6BQPEnNlZm,anime
0bAsR2unSRpn6BQPEnNlZm,anime rock
0bAsR2unSRpn6BQPEnNlZm,j-pixie
0bAsR2unSRpn6BQPEnNlZm,j-pop
0bAsR2unSRpn6BQPEnNlZm,j-poprock
0W2x7650Lt2CEIIcLHXmsE,anime
0W2x7650Lt2CEIIcLHXmsE,j-idol
0W2x7650Lt2CEIIcLHXmsE,j-poprock
0W2x7650Lt2CEIIcLHXmsE,seiyu
2otsTXVV2ZWZ8T5LPzsBhy,anime
2otsTXVV2ZWZ8T5LPzsBhy,anime score
2otsTXVV2ZWZ8T5LPzsBhy,j-poprock
2otsTXVV2ZWZ8T5LPzsBhy,otacore
2otsTXVV2ZWZ8T5LPzsBhy,touken ranbu
17Xrh1jox4g1VQcUcIcgra,anime
17Xrh1jox4g1VQcUcIcgra,denpa-kei
17Xrh1jox4g1VQcUcIcgra,j-poprock
17Xrh1jox4g1VQcUcIcgra,seiyu
7ucOhItVkxNqunNLo8AkzN,anime
7ucOhItVkxNqunNLo8AkzN,anime score
7ucOhItVkxNqunNLo8AkzN,j-poprock
1diX6i4LgUKR9qMRrAeGLi,anime
1diX6i4LgUKR9qMRrAeGLi,j-pop
1diX6i4LgUKR9qMRrAeGLi,j-poprock
7hb4cZrq9Myg7VEqI2z0hJ,anime
7hb4cZrq9Myg7VEqI2z0hJ,denpa-kei
0Riv2KnFcLZA3JSVryRg4y,anime score
0Riv2KnFcLZA3JSVryRg4y,japanese soundtrack
0Riv2KnFcLZA3JSVryRg4y,otacore
3GnM9zjuaItYitYvN8lneJ,anime
3IYKCbAUuXkZdkiAeYEKwC,anime
3IYKCbAUuXkZdkiAeYEKwC,j-pixie
7BzEKSgHp2yrNC6w5NkFhQ,anime
7BzEKSgHp2yrNC6w5NkFhQ,j-poprock
11FVEsg4m3QWzNfaK7vykQ,anime
11FVEsg4m3QWzNfaK7vykQ,anime rock
11FVEsg4m3QWzNfaK7vykQ,heavy alternative
11FVEsg4m3QWzNfaK7vykQ,idol rock
11FVEsg4m3QWzNfaK7vykQ,j-pixie
11FVEsg4m3QWzNfaK7vykQ,j-poprock
2fvxRXCuHgeetbw1WznUBt,anime
2fvxRXCuHgeetbw1WznUBt,cello
5yG7ZAZafVaAlMTeBybKAL,australian hip hop
5yG7ZAZafVaAlMTeBybKAL,dance pop
5yG7ZAZafVaAlMTeBybKAL,hip pop
5yG7ZAZafVaAlMTeBybKAL,pop
5yG7ZAZafVaAlMTeBybKAL,pop rap
5yG7ZAZafVaAlMTeBybKAL,post-teen pop
2NdeV5rLm47xAvogXrYhJX,dance pop
2NdeV5rLm47xAvogXrYhJX,hip pop
2NdeV5rLm47xAvogXrYhJX,pop
2NdeV5rLm47xAvogXrYhJX,post-teen pop
2NdeV5rLm47xAvogXrYhJX,r&b
2NdeV5rLm47xAvogXrYhJX,urban contemporary
7gRhy3MIPHQo5CXYfWaw9I,bmore
7gRhy3MIPHQo5CXYfWaw9I,dance pop
7gRhy3MIPHQo5CXYfWaw9I,escape room
7gRhy3MIPHQo5CXYfWaw9I,hip house
7gRhy3MIPHQo5CXYfWaw9I,lgbtq+ hip hop
7gRhy3MIPHQo5CXYfWaw9I,pop
7gRhy3MIPHQo5CXYfWaw9I,pop rap
7gRhy3MIPHQo5CXYfWaw9I,post-teen pop
7gRhy3MIPHQo5CXYfWaw9I,trap queen
4ULO7IGI3M2bo0Ap7B9h8a,alternative r&b
4ULO7IGI3M2bo0Ap7B9h8a,chill r&b
4ULO7IGI3M2bo0Ap7B9h8a,dance pop
4ULO7IGI3M2bo0Ap7B9h8a,hip pop
4ULO7IGI3M2bo0Ap7B9h8a,neo soul
4ULO7IGI3M2bo0Ap7B9h8a,pop
4ULO7IGI3M2bo0Ap7B9h8a,pop r&b
4ULO7IGI3M2bo0Ap7B9h8a,pop rap
4ULO7IGI3M2bo0Ap7B9h8a,r&b
4ULO7IGI3M2bo0Ap7B9h8a,urban contemporary
3r17AfJCCUqC9Lf0OAc73G,dance pop
3r17AfJCCUqC9Lf0OAc73G,pop
3r17AfJCCUqC9Lf0OAc73G,post-teen pop
3r17AfJCCUqC9Lf0OAc73G,urban contemporary
2iojnBLj0qIMiKPvVhLnsH,dance pop
2iojnBLj0qIMiKPvVhLnsH,pop
2iojnBLj0qIMiKPvVhLnsH,post-teen pop
2iojnBLj0qIMiKPvVhLnsH,r&b
2iojnBLj0qIMiKPvVhLnsH,trap
2iojnBLj0qIMiKPvVhLnsH,urban contemporary
3AuMNF8rQAKOzjYppFNAoB,atl hip hop
3AuMNF8rQAKOzjYppFNAoB,dance pop
3AuMNF8rQAKOzjYppFNAoB,hip pop
3AuMNF8rQAKOzjYppFNAoB,neo soul
3AuMNF8rQAKOzjYppFNAoB,pop
3AuMNF8rQAKOzjYppFNAoB,pop r&b
3AuMNF8rQAKOzjYppFNAoB,pop rap
3AuMNF8rQAKOzjYppFNAoB,post-teen pop
3AuMNF8rQAKOzjYppFNAoB,r&b
3AuMNF8rQAKOzjYppFNAoB,urban contemporary
2ExGrw6XpbtUAJHTLtUXUD,dancehall
2ExGrw6XpbtUAJHTLtUXUD,pop
2ExGrw6XpbtUAJHTLtUXUD,uk dancehall
2ExGrw6XpbtUAJHTLtUXUD,uk hip hop
181bsRPaVXVlUKXrxwZfHK,houston rap
181bsRPaVXVlUKXrxwZfHK,pop
181bsRPaVXVlUKXrxwZfHK,pop rap
181bsRPaVXVlUKXrxwZfHK,trap queen
1bqxdqvUtPWZri43cKHac8,dance pop
1bqxdqvUtPWZri43cKHac8,electropop
1bqxdqvUtPWZri43cKHac8,pop
1bqxdqvUtPWZri43cKHac8,pop rap
1bqxdqvUtPWZri43cKHac8,post-teen pop
1bqxdqvUtPWZri43cKHac8,viral pop
04abdnqPQe2N4fjztDea6z,dance pop
04abdnqPQe2N4fjztDea6z,pop
04abdnqPQe2N4fjztDea6z,post-teen pop
04abdnqPQe2N4fjztDea6z,viral pop
1zNqDE7qDGCsyzJwohVaoX,dance pop
1zNqDE7qDGCsyzJwohVaoX,pop
1zNqDE7qDGCsyzJwohVaoX,pop dance
1zNqDE7qDGCsyzJwohVaoX,post-teen pop
1zNqDE7qDGCsyzJwohVaoX,tropical house
1zNqDE7qDGCsyzJwohVaoX,uk pop
28y6CyJNkGNjJQKrlx4AmN,dance pop
28y6CyJNkGNjJQKrlx4AmN,pop
28y6CyJNkGNjJQKrlx4AmN,post-teen pop
28y6CyJNkGNjJQKrlx4AmN,social media pop
2y9j8qUwBMGPYPQJJxmYzD,alt z
2y9j8qUwBMGPYPQJJxmYzD,indie cafe pop
2y9j8qUwBMGPYPQJJxmYzD,pop
2y9j8qUwBMGPYPQJJxmYzD,social media pop
2y9j8qUwBMGPYPQJJxmYzD,viral pop
2jHp7gQArCQrlMvdrIVFCg,alt z
2jHp7gQArCQrlMvdrIVFCg,indie cafe pop
2jHp7gQArCQrlMvdrIVFCg,pop
2jHp7gQArCQrlMvdrIVFCg,social media pop
3AVfmawzu83sp94QW7CEGm,alt z
3AVfmawzu83sp94QW7CEGm,dance pop
3AVfmawzu83sp94QW7CEGm,electropop
3AVfmawzu83sp94QW7CEGm,indie cafe pop
3AVfmawzu83sp94QW7CEGm,norwegian pop
3AVfmawzu83sp94QW7CEGm,pop
3AVfmawzu83sp94QW7CEGm,post-teen pop
3AVfmawzu83sp94QW7CEGm,tropical house
3AVfmawzu83sp94QW7CEGm,uk pop
7n2Ycct7Beij7Dj7meI4X0,k-pop
7n2Ycct7Beij7Dj7meI4X0,k-pop girl group
2AfmfGFbe0A0WsTYm0SDTx,k-pop
2AfmfGFbe0A0WsTYm0SDTx,k-pop girl group
7bmYpVgQub656uNTu6qGNQ,k-pop
7bmYpVgQub656uNTu6qGNQ,korean mask singer
4gOc8TsQed9eqnqJct2c5v,k-pop girl group
1z4g3DjTBBZKhvAroFlhOM,k-pop
1z4g3DjTBBZKhvAroFlhOM,k-pop girl group
5RR0MLwcjc87wjSw2JYdwx,k-pop
5RR0MLwcjc87wjSw2JYdwx,k-pop girl group
52zMTJCKluDlFwMQWmccY7,k-pop
52zMTJCKluDlFwMQWmccY7,k-pop girl group
3KonOYiLsU53m4yT7gNotP,k-pop
5LWkv2hDbDwZL3zNwZYNPx,k-pop
5LWkv2hDbDwZL3zNwZYNPx,k-pop girl group
5KPaeBm0fVfCSZLydp9jdy,k-pop
5KPaeBm0fVfCSZLydp9jdy,k-pop girl group
6QyO41KctzGc70mVaVnXQO,k-pop
6QyO41KctzGc70mVaVnXQO,k-pop girl group
6QyO41KctzGc70mVaVnXQO,korean city pop
7cVZApDoQZpS447nHTsNqu,k-pop
7cVZApDoQZpS447nHTsNqu,korean pop
1xs6WFotNQSXweo0GXrS0O,k-pop
1xs6WFotNQSXweo0GXrS0O,k-pop girl group
6RKnXXyprPjhBdCvL802Ku,k-pop
6RKnXXyprPjhBdCvL802Ku,k-pop girl group
3UwlejyX2b458azZ7eCnHb,k-pop
1eTft3tXynrKdo6XD7QHLL,k-pop
0BqRGrwqndrtNkojXiqIzL,k-pop
0BqRGrwqndrtNkojXiqIzL,korean ost
78sJswwVn4P8aEhkF4K6fQ,k-pop
78sJswwVn4P8aEhkF4K6fQ,korean r&b
4Zz8OfzUOaNr7B2pQch3do,modern alternative rock
4Zz8OfzUOaNr7B2pQch3do,rebel blues
7ei6fqMrGZYiu2SgQXzSkF,modern alternative rock
6uMgh7J9wKGvEAusedYDAG,post-screamo
6lDL8J1jfaqyOc9fMIy0fL,modern alternative rock
5dccPssB7BopKcyQncHG1x,modern alternative rock
5dccPssB7BopKcyQncHG1x,rebel blues
3IvnJDS7SNCDivxi0xkiSK,lo-fi chill
3IvnJDS7SNCDivxi0xkiSK,sad rap
13iQ9ZfyvF0fJPpT9uVzfi,sad rap
169pjQwMEgMrdBbeRCY9J7,lo-fi chill
169pjQwMEgMrdBbeRCY9J7,sad rap
30zfTLecaC1zCXFXGTYNWB,sad rap
1VmdEX3WDMgcTU1pxwyGXA,weirdcore
6Ib0Di9b3kMxw9yD0DAyAC,bedroom pop
7Lcln0AXqNHMahrca8KVpy,emo rap
7Lcln0AXqNHMahrca8KVpy,meme rap
7Lcln0AXqNHMahrca8KVpy,sad rap
1AbJ2cmwK400LSvdvBL5Jc,bedroom pop
1AbJ2cmwK400LSvdvBL5Jc,indie garage rock
1AbJ2cmwK400LSvdvBL5Jc,indie pop
0TzMK687XQf4EwLFYvpDLz,meme rap
0YOqUYaXpo6wSaYPn3jbyy,meme rap
4XWaILHqySwH1y6LhlYcsb,emo rap
4XWaILHqySwH1y6LhlYcsb,sad rap
4XWaILHqySwH1y6LhlYcsb,viral rap
3UI7oEDwZ4DH8iAciZEoFw,meme rap
3UI7oEDwZ4DH8iAciZEoFw,vapor trap
4EPyKMgsR7JDuW9tL0AYZP,san antonio rap
4EPyKMgsR7JDuW9tL0AYZP,vapor trap
5FF8xJSW4qUVU8bk79KYLT,meme rap
5FF8xJSW4qUVU8bk79KYLT,sad rap
3ZHU5AKrUmIPnCFfr82QER,meme rap
3ZHU5AKrUmIPnCFfr82QER,sad rap
0qZyvjwZauLmrobrpJmvib,modern dream pop
1Jmkhzve9TuXHUUWGmpANw,vietnamese hip hop
5U1dINFKjJlYNOSdMrHlRh,vietnamese hip hop
37rtkoLsW4hQUY8sFTvBMO,vietnamese hip hop
4LuFOXq87Tg0JSl5U7yxFZ,vietnamese hip hop
23xCr75lKvnFvKi8ImHE7S,v-pop
23xCr75lKvnFvKi8ImHE7S,vietnamese hip hop
4WkqpZbj5KZukRCmntVmGB,vietnamese hip hop
5yE1xvNIbuEB2kkopCuCVY,vietnamese hip hop
3diftVOq7aEIebXKkC34oR,indie viet
3diftVOq7aEIebXKkC34oR,v-pop
3diftVOq7aEIebXKkC34oR,vietnamese hip hop
0qkGQFUrj8ERPAZcdpa79j,v-pop
5yYhYmHcloJNnC1rXeEEVm,vietnamese hip hop
0MDeZ8vIkpFX3QkvY0el6B,v-pop
0MDeZ8vIkpFX3QkvY0el6B,vietnamese bolero
0MDeZ8vIkpFX3QkvY0el6B,vietnamese pop
5sXudh7NFkU6fjQL6BQOj0,v-pop
5sXudh7NFkU6fjQL6BQOj0,vietnamese bolero
5sXudh7NFkU6fjQL6BQOj0,vietnamese pop
2wjsoWglhKBQVfjUGdth1y,v-pop
2wjsoWglhKBQVfjUGdth1y,vietnamese pop
0IMvyEWySP665zddlejaSm,v-pop
2MMHHBwHK7jwIns4hcKIBe,v-pop
2MMHHBwHK7jwIns4hcKIBe,vietnamese bolero
2MMHHBwHK7jwIns4hcKIBe,vietnamese pop
4NfuHLESitkh66LOZeyzsu,indie viet
0u5ikKYYDO2XGyYjNGQRGf,rock viet
0zn7lYLmKeTdAva9gucVJG,rock viet
4IiJbbRn328Zxw8mtHb7bo,vietnamese hip hop
7MkneAWCJX7dUEpx04bfQ9,vietnamese hip hop
0Hxo49G2Y9jzrRGqQeok1m,indie viet
7hLz2ZikFy4ZwDZS12Z77n,indie viet
7hLz2ZikFy4ZwDZS12Z77n,v-pop
5JZ7CnR6gTvEMKX4g70Amv,electropop
5JZ7CnR6gTvEMKX4g70Amv,pop
5JZ7CnR6gTvEMKX4g70Amv,post-teen pop
06HL4z0CvFAxyc27GXpf02,pop
06HL4z0CvFAxyc27GXpf02,post-teen pop
3Nrfpe0tUJi4K4DXYWgMUX,k-pop
3Nrfpe0tUJi4K4DXYWgMUX,k-pop boy group
2U7kaq9BBq7eG2Vyn1D3Ab,v-pop
6qqNVTkY8uBg9cP3Jd7DAH,electropop
6qqNVTkY8uBg9cP3Jd7DAH,pop
3HqSLMAZ3g3d5poNaI7GOU,k-pop
3pc0bOVB5whxmD50W79wwO,chill r&b
3pc0bOVB5whxmD50W79wwO,pop
3e7awlrlDSwF3iM0WBjGMp,dance pop
3e7awlrlDSwF3iM0WBjGMp,girl group
3e7awlrlDSwF3iM0WBjGMp,pop
3e7awlrlDSwF3iM0WBjGMp,post-teen pop
3e7awlrlDSwF3iM0WBjGMp,talent show
3e7awlrlDSwF3iM0WBjGMp,uk pop
25uiPmTg16RbhZWAqwLBy5,art pop
25uiPmTg16RbhZWAqwLBy5,candy pop
25uiPmTg16RbhZWAqwLBy5,dance pop
25uiPmTg16RbhZWAqwLBy5,electropop
25uiPmTg16RbhZWAqwLBy5,escape room
25uiPmTg16RbhZWAqwLBy5,hyperpop
25uiPmTg16RbhZWAqwLBy5,metropopolis
25uiPmTg16RbhZWAqwLBy5,pop
25uiPmTg16RbhZWAqwLBy5,post-teen pop
25uiPmTg16RbhZWAqwLBy5,uk pop
6M2wZ9GZgrQXHCFfjv46we,dance pop
6M2wZ9GZgrQXHCFfjv46we,pop
6M2wZ9GZgrQXHCFfjv46we,uk pop
6rJ1GwtHin2BJbKLuNn9pi,chillhop
6rJ1GwtHin2BJbKLuNn9pi,focus beats
6rJ1GwtHin2BJbKLuNn9pi,lo-fi beats
6rJ1GwtHin2BJbKLuNn9pi,lo-fi jazzhop
0blbVefuxOGltDBa00dspv,anime
0blbVefuxOGltDBa00dspv,anime rock
0blbVefuxOGltDBa00dspv,j-pixie
6eUKZXaKkcviH0Ku9w2n3V,pop
6eUKZXaKkcviH0Ku9w2n3V,uk pop
15UsOTVnJzReFVN1VCnxy4,emo rap
15UsOTVnJzReFVN1VCnxy4,miami hip hop
7pbDxGE6nQSZVfiFdq9lOL,bedroom pop
7pbDxGE6nQSZVfiFdq9lOL,pop
2IDLDx25HU1nQMKde4n61a,indonesian hip hop
2AfU5LYBVCiCtuCCfM7uVX,hip hop
2AfU5LYBVCiCtuCCfM7uVX,rap
2AfU5LYBVCiCtuCCfM7uVX,underground hip hop
0Vw76uk7P8yVtTClWyOhac,chill r&b
0Vw76uk7P8yVtTClWyOhac,pop
0Vw76uk7P8yVtTClWyOhac,uk pop
4AcHt3JxKy59IX7JNNlZn4,indie poptimism
4AcHt3JxKy59IX7JNNlZn4,la indie
4AcHt3JxKy59IX7JNNlZn4,modern alternative rock
4AcHt3JxKy59IX7JNNlZn4,modern rock
4AcHt3JxKy59IX7JNNlZn4,pop rock
4AcHt3JxKy59IX7JNNlZn4,rock
2Tglaf8nvDzwSQnpSrjLHP,bedroom pop
2Tglaf8nvDzwSQnpSrjLHP,dream pop
3MZsBdqDrRTJihTHQrO6Dq,alternative r&b
3MZsBdqDrRTJihTHQrO6Dq,viral pop
0du5cEVh5yTK9QJze8zA0C,dance pop
0du5cEVh5yTK9QJze8zA0C,pop
5nCi3BB41mBaMH9gfr6Su0,baroque pop
5nCi3BB41mBaMH9gfr6Su0,metropopolis
5nCi3BB41mBaMH9gfr6Su0,modern rock
5nCi3BB41mBaMH9gfr6Su0,pop
5nCi3BB41mBaMH9gfr6Su0,pop rock
7CajNmpbOovFoOoasH2HaY,dance pop
7CajNmpbOovFoOoasH2HaY,edm
7CajNmpbOovFoOoasH2HaY,electro house
7CajNmpbOovFoOoasH2HaY,house
7CajNmpbOovFoOoasH2HaY,pop
7CajNmpbOovFoOoasH2HaY,pop dance
7CajNmpbOovFoOoasH2HaY,progressive house
7CajNmpbOovFoOoasH2HaY,uk dance
6zvul52xwTWzilBZl6BUbT,alternative rock
6zvul52xwTWzilBZl6BUbT,art rock
6zvul52xwTWzilBZl6BUbT,boston rock
6zvul52xwTWzilBZl6BUbT,modern rock
6zvul52xwTWzilBZl6BUbT,permanent wave
6zvul52xwTWzilBZl6BUbT,rock
4T8NIfZmVY6TJFqVzN6X49,alternative r&b
4T8NIfZmVY6TJFqVzN6X49,chicago rap
4T8NIfZmVY6TJFqVzN6X49,chill r&b
4T8NIfZmVY6TJFqVzN6X49,pop
4T8NIfZmVY6TJFqVzN6X49,pop rap
2h93pZq0e7k5yf4dywlkpM,alternative r&b
2h93pZq0e7k5yf4dywlkpM,hip hop
2h93pZq0e7k5yf4dywlkpM,lgbtq+ hip hop
2h93pZq0e7k5yf4dywlkpM,neo soul
2h93pZq0e7k5yf4dywlkpM,pop
3TVXtAsR1Inumwj472S9r4,canadian hip hop
3TVXtAsR1Inumwj472S9r4,canadian pop
3TVXtAsR1Inumwj472S9r4,hip hop
3TVXtAsR1Inumwj472S9r4,pop rap
3TVXtAsR1Inumwj472S9r4,rap
3TVXtAsR1Inumwj472S9r4,toronto rap
1AhjOkOLkbHUfcHDSErXQs,asian american hip hop
1AhjOkOLkbHUfcHDSErXQs,chill r&b
1AhjOkOLkbHUfcHDSErXQs,pop
41X1TR6hrK8Q2ZCpp2EqCz,canadian hip hop
41X1TR6hrK8Q2ZCpp2EqCz,dark trap
41X1TR6hrK8Q2ZCpp2EqCz,meme rap
41X1TR6hrK8Q2ZCpp2EqCz,pop rap
41X1TR6hrK8Q2ZCpp2EqCz,vapor trap
2YOYua8FpudSEiB9s88IgQ,meme rap
2YOYua8FpudSEiB9s88IgQ,minnesota hip hop
2YOYua8FpudSEiB9s88IgQ,pop rap
4V8LLVI7PbaPR0K2TGSxFF,hip hop
4V8LLVI7PbaPR0K2TGSxFF,rap
4LLpKhyESsyAXpc4laK94U,hip hop
4LLpKhyESsyAXpc4laK94U,pittsburgh rap
4LLpKhyESsyAXpc4laK94U,rap
0xOeVMOz2fVg5BJY3N6akT,hip hop
0xOeVMOz2fVg5BJY3N6akT,pop
0xOeVMOz2fVg5BJY3N6akT,pop rap
0xOeVMOz2fVg5BJY3N6akT,rap
0cuIIYEWDS7V1iBl65NtL6,bedroom pop
3Gm5F95VdRxW3mqCn8RPBJ,hip hop
3Gm5F95VdRxW3mqCn8RPBJ,pop rap
3Gm5F95VdRxW3mqCn8RPBJ,portland hip hop
3Gm5F95VdRxW3mqCn8RPBJ,rap
3Gm5F95VdRxW3mqCn8RPBJ,underground hip hop
2tIP7SsRs7vjIcLrU85W8J,australian hip hop
6bmlMHgSheBauioMgKv2tn,emo rap
6bmlMHgSheBauioMgKv2tn,sad rap
7tYKF4w9nC0nq9CsPZTHyP,pop
7tYKF4w9nC0nq9CsPZTHyP,pop rap
7tYKF4w9nC0nq9CsPZTHyP,r&b
0liH4Jfiz66Rqjz4DH3JZk,japanese chillhop
4iHNK0tOyZPYnBU7nGAgpQ,dance pop
4iHNK0tOyZPYnBU7nGAgpQ,pop
4iHNK0tOyZPYnBU7nGAgpQ,urban contemporary
1XFN3VcuKr4tsTtQlRiTgK,lo-fi beats
2DaxqgrOhkeH0fpeiQq2f4,beatlesque
2DaxqgrOhkeH0fpeiQq2f4,britpop
2DaxqgrOhkeH0fpeiQq2f4,madchester
2DaxqgrOhkeH0fpeiQq2f4,permanent wave
2DaxqgrOhkeH0fpeiQq2f4,rock
1A9o3Ljt67pFZ89YtPPL5X,alternative r&b
1A9o3Ljt67pFZ89YtPPL5X,chill r&b
1A9o3Ljt67pFZ89YtPPL5X,indie r&b
1A9o3Ljt67pFZ89YtPPL5X,indie soul
1A9o3Ljt67pFZ89YtPPL5X,neo soul
1A9o3Ljt67pFZ89YtPPL5X,pop
1A9o3Ljt67pFZ89YtPPL5X,r&b
1A9o3Ljt67pFZ89YtPPL5X,scandinavian r&b
1A9o3Ljt67pFZ89YtPPL5X,swedish soul
1A9o3Ljt67pFZ89YtPPL5X,urban contemporary
246dkjvS1zLTtiykXe5h60,dfw rap
246dkjvS1zLTtiykXe5h60,melodic rap
246dkjvS1zLTtiykXe5h60,rap
3fMbdgg4jU18AjLCKBhRSm,pop
3fMbdgg4jU18AjLCKBhRSm,r&b
3fMbdgg4jU18AjLCKBhRSm,soul
5dfZ5uSmzR7VQK0udbAVpf,v-pop
215RNJqxT5Pp6zFgKGidlS,v-pop
215RNJqxT5Pp6zFgKGidlS,viet instrumental
2xvW7dgL1640K8exTcRMS4,indie viet
2xvW7dgL1640K8exTcRMS4,v-pop
41MozSoPIsD1dJM0CLPjZF,k-pop
41MozSoPIsD1dJM0CLPjZF,k-pop girl group
7LLfmKhGZI11XO0dO4xDI7,v-pop
5kZm4Xqiu4GIhbm912n4fW,v-pop
2qNrJcE9LjzPdiXbrjkqFa,canadian contemporary country
3OpWOvjJnk86geCHrAxkHA,acoustic guitar cover
3OpWOvjJnk86geCHrAxkHA,fingerstyle
3OpWOvjJnk86geCHrAxkHA,viral pop
7lq25uVNvzRoAJgr4CYr8e,v-pop
7lq25uVNvzRoAJgr4CYr8e,vietnamese singer-songwriter
6xRZoWlE9twEkMC5NW4Z9f,v-pop
2NRcG7E1j2sSi8vnUzCcpi,v-pop
4AK6F7OLvEQ5QYCBNiQWHq,boy band
4AK6F7OLvEQ5QYCBNiQWHq,pop
4AK6F7OLvEQ5QYCBNiQWHq,post-teen pop
4AK6F7OLvEQ5QYCBNiQWHq,talent show
4x1fUORHa2EsxrQ6ZzAoQ0,v-pop
4Kxlr1PRlDKEB0ekOCyHgX,k-pop
4Kxlr1PRlDKEB0ekOCyHgX,k-pop boy group
0fauHpmSHwodVYIjTqOGHz,korean instrumental
0fauHpmSHwodVYIjTqOGHz,neo-classical
0fauHpmSHwodVYIjTqOGHz,new age piano
6dOnTTVTbQlFWF6yfD4Vw5,otacore
6dOnTTVTbQlFWF6yfD4Vw5,scorecore
1HY2Jd0NmPuamShAr6KMms,dance pop
1HY2Jd0NmPuamShAr6KMms,pop
1HY2Jd0NmPuamShAr6KMms,post-teen pop
3FnmFhRPm7EJgeTzdtG4qI,dinner jazz
2mV8aJphiSHYJf43DxL7Gt,alternative dance
2mV8aJphiSHYJf43DxL7Gt,dance rock
2mV8aJphiSHYJf43DxL7Gt,dance-punk
2mV8aJphiSHYJf43DxL7Gt,electropop
2mV8aJphiSHYJf43DxL7Gt,filter house
2mV8aJphiSHYJf43DxL7Gt,new rave
2mV8aJphiSHYJf43DxL7Gt,nu disco
40JlNF1w2OiSOyj1nC4y0I,viral pop
6YloMIsWjpHzIRK8s5tzAr,chill r&b
0DxPHf2flBAcV2SnZPg3SV,alt z
0DxPHf2flBAcV2SnZPg3SV,indie cafe pop
0DxPHf2flBAcV2SnZPg3SV,indiecoustica
0DxPHf2flBAcV2SnZPg3SV,neo mellow
0DxPHf2flBAcV2SnZPg3SV,pop
0DxPHf2flBAcV2SnZPg3SV,pop rock
0DxPHf2flBAcV2SnZPg3SV,post-teen pop
0RzxSfLRSQmRJ3fFabRMsT,indie viet
7CQwac16i1W5ej8YpuL3dv,neo mellow
7CQwac16i1W5ej8YpuL3dv,pop
7CQwac16i1W5ej8YpuL3dv,pop rock
7CQwac16i1W5ej8YpuL3dv,viral pop
3QGKsAfhZdldQCLuLjk6zl,folk-pop
3QGKsAfhZdldQCLuLjk6zl,indiecoustica
3QGKsAfhZdldQCLuLjk6zl,neo mellow
3QGKsAfhZdldQCLuLjk6zl,viral pop
7jVv8c5Fj3E9VhNjxT4snq,country rap
7jVv8c5Fj3E9VhNjxT4snq,lgbtq+ hip hop
7jVv8c5Fj3E9VhNjxT4snq,pop rap
7jVv8c5Fj3E9VhNjxT4snq,queer country
2ItyqN4i9lNz49g421p0Cl,anime score
2ItyqN4i9lNz49g421p0Cl,japanese instrumental
2ItyqN4i9lNz49g421p0Cl,japanese soundtrack
1Xyo4u8uXC1ZmMpatF05PJ,canadian contemporary r&b
1Xyo4u8uXC1ZmMpatF05PJ,canadian pop
1Xyo4u8uXC1ZmMpatF05PJ,pop
55fhWPvDiMpLnE4ZzNXZyW,alt z
55fhWPvDiMpLnE4ZzNXZyW,dance pop
55fhWPvDiMpLnE4ZzNXZyW,electropop
55fhWPvDiMpLnE4ZzNXZyW,pop
55fhWPvDiMpLnE4ZzNXZyW,post-teen pop
1McMsnEElThX1knmY4oliG,pop
1McMsnEElThX1knmY4oliG,post-teen pop
0hCNtLu0JehylgoiP8L4Gh,dance pop
0hCNtLu0JehylgoiP8L4Gh,hip pop
0hCNtLu0JehylgoiP8L4Gh,pop
0hCNtLu0JehylgoiP8L4Gh,pop rap
0hCNtLu0JehylgoiP8L4Gh,post-teen pop
0hCNtLu0JehylgoiP8L4Gh,queens hip hop
6AyATGg7mDgBlZ4N5uNog0,indie cafe pop
6AyATGg7mDgBlZ4N5uNog0,pop
6cK3NBO6uP7hh0oyuVELFl,cali rap
6cK3NBO6uP7hh0oyuVELFl,dance pop
6cK3NBO6uP7hh0oyuVELFl,pop
6cK3NBO6uP7hh0oyuVELFl,pop rap
6cK3NBO6uP7hh0oyuVELFl,post-teen pop
6cK3NBO6uP7hh0oyuVELFl,trap queen
77SW9BnxLY8rJ0RciFqkHh,modern alternative rock
77SW9BnxLY8rJ0RciFqkHh,modern rock
77SW9BnxLY8rJ0RciFqkHh,pop
0p4nmQO2msCgU4IF37Wi3j,canadian pop
0p4nmQO2msCgU4IF37Wi3j,candy pop
0p4nmQO2msCgU4IF37Wi3j,dance pop
0p4nmQO2msCgU4IF37Wi3j,pop
0p4nmQO2msCgU4IF37Wi3j,post-teen pop
4MXUO7sVCaFgFjoTI5ox5c,baroque pop
4MXUO7sVCaFgFjoTI5ox5c,chamber pop
4MXUO7sVCaFgFjoTI5ox5c,freak folk
4MXUO7sVCaFgFjoTI5ox5c,indie folk
4MXUO7sVCaFgFjoTI5ox5c,singer-songwriter
4lRRwA3JsWrOD8f47gI2iI,focus beats
5W7F9IM2vsR9EDCk5T2Uqz,anime score
5W7F9IM2vsR9EDCk5T2Uqz,j-pop
5W7F9IM2vsR9EDCk5T2Uqz,japanese folk
5W7F9IM2vsR9EDCk5T2Uqz,japanese singer-songwriter
6jJ0s89eD6GaHleKKya26X,dance pop
6jJ0s89eD6GaHleKKya26X,pop
6jJ0s89eD6GaHleKKya26X,post-teen pop
7nzSoJISlVJsn7O0yTeMOB,anime
7nzSoJISlVJsn7O0yTeMOB,anime score
7nzSoJISlVJsn7O0yTeMOB,japanese classical
7nzSoJISlVJsn7O0yTeMOB,japanese soundtrack
7nzSoJISlVJsn7O0yTeMOB,soundtrack
6KImCVD70vtIoJWnq6nGn3,pop
6KImCVD70vtIoJWnq6nGn3,post-teen pop
3iNL7rw7fpmysjZvhB8vi7,meme rap
3iNL7rw7fpmysjZvhB8vi7,sad rap
04gDigrS5kc9YWfZHwBETP,pop
04gDigrS5kc9YWfZHwBETP,pop rock
07YZf4WDAMNwqr4jfgOZ8y,dance pop
07YZf4WDAMNwqr4jfgOZ8y,pop
07YZf4WDAMNwqr4jfgOZ8y,pop rap
07YZf4WDAMNwqr4jfgOZ8y,post-teen pop
4dpARuHxo51G3z768sgnrY,british soul
4dpARuHxo51G3z768sgnrY,pop
4dpARuHxo51G3z768sgnrY,pop soul
4dpARuHxo51G3z768sgnrY,uk pop
53XhwfbYqKCa1cC15pYq2q,modern rock
53XhwfbYqKCa1cC15pYq2q,rock
0Y5tJX1MQlPlqiwlOH1tJY,rap
0Y5tJX1MQlPlqiwlOH1tJY,slap house
1vCWHaC5f2uS3yhpwWbIA6,dance pop
1vCWHaC5f2uS3yhpwWbIA6,edm
1vCWHaC5f2uS3yhpwWbIA6,pop
1vCWHaC5f2uS3yhpwWbIA6,pop dance
7dGJo4pcD2V6oG8kP0tJRR,detroit hip hop
7dGJo4pcD2V6oG8kP0tJRR,hip hop
7dGJo4pcD2V6oG8kP0tJRR,rap
5rSXSAkZ67PYJSvpUpkOr7,boy band
5rSXSAkZ67PYJSvpUpkOr7,dance pop
0jnsk9HBra6NMjO2oANoPY,dance pop
0jnsk9HBra6NMjO2oANoPY,miami hip hop
0jnsk9HBra6NMjO2oANoPY,pop
0jnsk9HBra6NMjO2oANoPY,pop rap
